id,timestamp,symbol,patterns,ml_win_probability,actual_result,pnl
4695,1763750143238,XRPUSDT,[],61.84,,
4696,1763751043238,XRPUSDT,[],62.02,,
4697,1763751643238,XRPUSDT,"[""bullish_engulfing""]",67.24,,
4698,1763753443238,XRPUSDT,"[""shooting_star""]",60.85,,
4699,1763754043238,XRPUSDT,[],57.13,,
4700,1763754343238,XRPUSDT,[],59.78,,
4701,1763754643238,XRPUSDT,[],56.02,,
4702,1763754943238,XRPUSDT,[],69.62,,
4703,1763757043238,XRPUSDT,"[""doji""]",57.94,,
4704,1763757943238,XRPUSDT,"[""shooting_star""]",59.3,,
4705,1763758243238,XRPUSDT,[],74.31,,
4706,1763761543238,XRPUSDT,"[""shooting_star""]",58.76,,
4707,1763762143238,XRPUSDT,[],64.11,,
4708,1763762443238,XRPUSDT,[],62.87,,
4709,1763763043238,XRPUSDT,[],66.54,,
4710,1763763343238,XRPUSDT,"[""doji""]",57.75,,
4711,1763763643238,XRPUSDT,[],60.13,,
4712,1763763943238,XRPUSDT,[],64.5,,
4713,1763764243238,XRPUSDT,[],65.77,,
4714,1763764543238,XRPUSDT,[],66.21,,
4715,1763765143238,XRPUSDT,[],61.05,,
4716,1763765743238,XRPUSDT,[],66.89,,
4717,1763766943238,XRPUSDT,[],63.46,,
4718,1763768143238,XRPUSDT,[],72.58,,
4719,1763769343238,XRPUSDT,[],69.93,,
4720,1763769643238,XRPUSDT,[],60.05,,
4721,1763769943238,XRPUSDT,[],56.31,,
4722,1763771443238,XRPUSDT,[],56.1,,
4723,1763771743238,XRPUSDT,"[""doji""]",56.77,,
4724,1763773243238,XRPUSDT,"[""doji""]",56.46,,
4725,1763773543238,XRPUSDT,[],56.05,,
4726,1763773843238,XRPUSDT,[],57.59,,
4727,1763774143238,XRPUSDT,[],58.6,,
4728,1763774743238,XRPUSDT,[],65.57,,
4729,1763775043238,XRPUSDT,"[""bullish_engulfing""]",65.74,,
4730,1763775343238,XRPUSDT,[],71.21,,
4731,1763776543238,XRPUSDT,[],65.27,,
4732,1763776843238,XRPUSDT,[],63.79,,
4733,1763777143238,XRPUSDT,[],73.06,,
4734,1763777743238,XRPUSDT,[],60.42,,
4735,1763778043238,XRPUSDT,[],63.0,,
4736,1763778343238,XRPUSDT,"[""bullish_engulfing""]",57.23,,
4737,1763779543238,XRPUSDT,[],60.02,,
4738,1763780443238,XRPUSDT,[],68.99,,
4739,1763780743238,XRPUSDT,"[""shooting_star""]",62.01,,
4740,1763781043238,XRPUSDT,[],60.26,,
4741,1763781343238,XRPUSDT,[],65.96,,
4742,1763781643238,XRPUSDT,"[""shooting_star""]",65.31,,
4743,1763783143238,XRPUSDT,"[""doji""]",56.83,,
4744,1763784343238,XRPUSDT,[],59.75,,
4745,1763784943238,XRPUSDT,[],66.03,,
4746,1763786143238,XRPUSDT,[],57.5,,
4747,1763786743238,XRPUSDT,[],64.86,,
4748,1763788543238,XRPUSDT,[],56.45,,
4749,1763789443238,XRPUSDT,[],56.38,,
4750,1763789743238,XRPUSDT,[],65.88,,
4751,1763790043238,XRPUSDT,[],63.23,,
4752,1763790343238,XRPUSDT,[],60.61,,
4753,1763790643238,XRPUSDT,[],68.13,,
4754,1763792143238,XRPUSDT,[],62.99,,
4755,1763793343238,XRPUSDT,[],64.99,,
4756,1763793643238,XRPUSDT,"[""shooting_star""]",59.37,,
4757,1763794843238,XRPUSDT,[],70.38,,
4758,1763795443238,XRPUSDT,[],67.93,,
4759,1763797243238,XRPUSDT,"[""doji""]",62.47,,
4760,1763797543238,XRPUSDT,[],61.75,,
4761,1763797843238,XRPUSDT,[],65.66,,
4762,1763798443238,XRPUSDT,"[""bearish_engulfing""]",75.09,,
4763,1763799043238,XRPUSDT,"[""doji""]",56.26,,
4764,1763799643238,XRPUSDT,[],59.37,,
4765,1763800243238,XRPUSDT,"[""shooting_star""]",77.85,,
4766,1763800543238,XRPUSDT,[],66.65,,
4767,1763802943238,XRPUSDT,"[""doji""]",60.93,,
4768,1763803243238,XRPUSDT,[],60.77,,
4769,1763804443238,XRPUSDT,[],73.5,,
4770,1763805043238,XRPUSDT,[],66.28,,
4771,1763806843238,XRPUSDT,"[""bullish_engulfing""]",56.64,,
4772,1763807143238,XRPUSDT,[],57.84,,
4773,1763807443238,XRPUSDT,[],56.89,,
4774,1763808643238,XRPUSDT,"[""shooting_star""]",62.65,,
4775,1763810143238,XRPUSDT,[],60.94,,
4776,1763810443238,XRPUSDT,[],64.77,,
4777,1763811043238,XRPUSDT,[],57.56,,
4778,1763811343238,XRPUSDT,[],63.0,,
4779,1763811943238,XRPUSDT,"[""doji""]",66.96,,
4780,1763812243238,XRPUSDT,[],59.68,,
4781,1763812543238,XRPUSDT,"[""shooting_star""]",58.96,,
4782,1763813143238,XRPUSDT,[],56.22,,
4783,1763813743238,XRPUSDT,[],62.2,,
4784,1763814943238,XRPUSDT,"[""doji""]",57.79,,
4785,1763815543238,XRPUSDT,"[""shooting_star""]",56.57,,
4786,1763815843238,XRPUSDT,[],58.01,,
4787,1763817043238,XRPUSDT,[],63.31,,
4788,1763818243238,XRPUSDT,"[""bearish_engulfing""]",57.26,,
4789,1763819143238,XRPUSDT,"[""doji""]",69.75,,
4790,1763820043238,XRPUSDT,[],67.47,,
4791,1763821543238,XRPUSDT,[],73.3,,
4792,1763823343238,XRPUSDT,[],66.75,,
4793,1763823643238,XRPUSDT,[],58.55,,
4794,1763825143238,XRPUSDT,[],69.67,,
4795,1763826043238,XRPUSDT,[],66.05,,
4796,1763827243238,XRPUSDT,[],58.13,,
4797,1763829343238,XRPUSDT,[],57.25,,
4798,1763831443238,XRPUSDT,"[""bearish_engulfing""]",59.19,,
4799,1763831743238,XRPUSDT,"[""doji""]",67.52,,
4800,1763833843238,XRPUSDT,"[""shooting_star""]",56.94,,
4801,1763835343238,XRPUSDT,[],59.21,,
4802,1763836843238,XRPUSDT,[],59.93,,
4803,1763838043238,XRPUSDT,[],62.07,,
4804,1763839243238,XRPUSDT,[],61.54,,
4805,1763839843238,XRPUSDT,[],58.03,,
4806,1763841343238,XRPUSDT,[],59.25,,
4807,1763841943238,XRPUSDT,[],60.51,,
4808,1763842243238,XRPUSDT,"[""bullish_engulfing""]",62.27,,
4809,1763842543238,XRPUSDT,[],59.11,,
4810,1763843443238,XRPUSDT,[],61.09,,
4811,1763844643238,XRPUSDT,[],58.09,,
4812,1763845843238,XRPUSDT,[],78.51,,
4813,1763846443238,XRPUSDT,"[""bullish_engulfing""]",58.32,,
4814,1763847043238,XRPUSDT,[],59.59,,
4815,1763847343238,XRPUSDT,[],65.19,,
4816,1763848843238,XRPUSDT,"[""bullish_engulfing""]",68.69,,
4817,1763849143238,XRPUSDT,[],61.25,,
4818,1763850043238,XRPUSDT,"[""doji""]",68.08,,
4819,1763851543238,XRPUSDT,[],62.09,,
4820,1763851843238,XRPUSDT,[],65.06,,
4821,1763852143238,XRPUSDT,[],67.44,,
4822,1763852443238,XRPUSDT,[],70.64,,
4823,1763853943238,XRPUSDT,[],71.46,,
4824,1763854843238,XRPUSDT,"[""bullish_engulfing""]",62.13,,
4825,1763855143238,XRPUSDT,[],67.32,,
4826,1763855443238,XRPUSDT,"[""doji""]",58.7,,
4827,1763856343238,XRPUSDT,[],61.67,,
4828,1763856943238,XRPUSDT,[],61.13,,
4829,1763857243238,XRPUSDT,[],61.55,,
4830,1763857543238,XRPUSDT,[],66.06,,
4831,1763857843238,XRPUSDT,"[""shooting_star""]",59.6,,
4832,1763858143238,XRPUSDT,"[""shooting_star""]",65.06,,
4833,1763858743238,XRPUSDT,"[""shooting_star""]",56.56,,
4834,1763859643238,XRPUSDT,"[""doji""]",67.73,,
4835,1763860243238,XRPUSDT,"[""doji"", ""shooting_star""]",61.6,,
4836,1763860843238,XRPUSDT,[],57.16,,
4837,1763861443238,XRPUSDT,[],65.71,,
4838,1763861743238,XRPUSDT,[],68.26,,
4839,1763862343238,XRPUSDT,[],65.93,,
4840,1763863843238,XRPUSDT,"[""doji""]",58.15,,
4841,1763864743238,XRPUSDT,[],56.09,,
4842,1763867443238,XRPUSDT,"[""shooting_star""]",63.62,,
4843,1763870143238,XRPUSDT,[],58.05,,
4844,1763870443238,XRPUSDT,"[""shooting_star""]",58.36,,
4845,1763870743238,XRPUSDT,[],60.09,,
4846,1763871043238,XRPUSDT,[],59.61,,
4847,1763872543238,XRPUSDT,[],58.17,,
4848,1763874343238,XRPUSDT,"[""bearish_engulfing""]",60.26,,
4849,1763874643238,XRPUSDT,"[""doji""]",65.74,,
4850,1763874943238,XRPUSDT,[],57.17,,
4851,1763879143238,XRPUSDT,"[""bearish_engulfing""]",57.78,,
4852,1763880043238,XRPUSDT,[],64.87,,
4853,1763880343238,XRPUSDT,"[""bullish_engulfing""]",56.63,,
4854,1763881543238,XRPUSDT,[],56.35,,
4855,1763883043238,XRPUSDT,[],57.45,,
4856,1763883343238,XRPUSDT,"[""doji""]",57.5,,
4857,1763884243238,XRPUSDT,"[""doji""]",62.82,,
4858,1763884843238,XRPUSDT,[],63.55,,
4859,1763886343238,XRPUSDT,"[""doji""]",61.59,,
4860,1763888743238,XRPUSDT,[],59.23,,
4861,1763889043238,XRPUSDT,[],57.53,,
4862,1763889643238,XRPUSDT,[],67.04,,
4863,1763890543238,XRPUSDT,[],57.5,,
4864,1763891143238,XRPUSDT,"[""bearish_engulfing""]",62.22,,
4865,1763892343238,XRPUSDT,[],65.01,,
4866,1763892643238,XRPUSDT,[],58.11,,
4867,1763893243238,XRPUSDT,[],63.06,,
4868,1763894143238,XRPUSDT,[],59.18,,
4869,1763895043238,XRPUSDT,[],67.53,,
4870,1763895343238,XRPUSDT,[],65.16,,
4871,1763895643238,XRPUSDT,"[""bearish_engulfing""]",58.49,,
4872,1763895943238,XRPUSDT,[],62.74,,
4873,1763896843238,XRPUSDT,[],62.28,,
4874,1763897743238,XRPUSDT,"[""shooting_star""]",57.33,,
4875,1763898043238,XRPUSDT,"[""doji""]",56.32,,
4876,1763898343238,XRPUSDT,[],58.72,,
4877,1763898643238,XRPUSDT,[],65.95,,
4878,1763899243238,XRPUSDT,[],60.21,,
4879,1763899543238,XRPUSDT,[],61.22,,
4880,1763900443238,XRPUSDT,[],56.42,,
4881,1763901643238,XRPUSDT,[],59.65,,
4882,1763902543238,XRPUSDT,[],56.92,,
4883,1763902843238,XRPUSDT,"[""bearish_engulfing""]",59.54,,
4884,1763903143238,XRPUSDT,[],63.34,,
4885,1763904943238,XRPUSDT,"[""doji""]",62.99,,
4886,1763905543238,XRPUSDT,[],64.06,,
4887,1763906143238,XRPUSDT,[],60.61,,
4888,1763906743238,XRPUSDT,[],59.31,,
4889,1763907043238,XRPUSDT,"[""doji""]",56.73,,
4890,1763907643238,XRPUSDT,"[""shooting_star""]",65.59,,
4891,1763908243238,XRPUSDT,[],65.25,,
4892,1763910643238,XRPUSDT,[],64.93,,
4893,1763911243238,XRPUSDT,[],62.97,,
4894,1763911543238,XRPUSDT,[],63.69,,
4895,1763911843238,XRPUSDT,[],68.68,,
4896,1763912143238,XRPUSDT,[],65.29,,
4897,1763915443238,XRPUSDT,[],58.51,,
4898,1763915743238,XRPUSDT,[],67.78,,
4899,1763916643238,XRPUSDT,[],62.76,,
4900,1763917243238,XRPUSDT,[],72.38,,
4901,1763920243238,XRPUSDT,"[""shooting_star""]",62.28,,
4902,1763921443238,XRPUSDT,[],69.36,,
4903,1763921743238,XRPUSDT,[],67.02,,
4904,1763922643238,XRPUSDT,[],57.72,,
4905,1763922943238,XRPUSDT,[],71.13,,
4906,1763923543238,XRPUSDT,[],68.5,,
4907,1763924143238,XRPUSDT,[],59.4,,
4908,1763925043238,XRPUSDT,[],57.54,,
4909,1763925343238,XRPUSDT,[],68.06,,
4910,1763928343238,XRPUSDT,[],60.54,,
4911,1763928643238,XRPUSDT,"[""doji""]",57.57,,
4912,1763929843238,XRPUSDT,"[""shooting_star""]",64.18,,
4913,1763930443238,XRPUSDT,[],62.56,,
4914,1763930743238,XRPUSDT,[],57.97,,
4915,1763931343238,XRPUSDT,"[""shooting_star""]",60.74,,
4916,1763931643238,XRPUSDT,[],60.5,,
4917,1763931943238,XRPUSDT,[],63.56,,
4918,1763932243238,XRPUSDT,[],74.49,,
4919,1763932843238,XRPUSDT,"[""bearish_engulfing""]",63.01,,
4920,1763933743238,XRPUSDT,[],62.7,,
4921,1763934643238,XRPUSDT,"[""doji"", ""shooting_star""]",60.1,,
4922,1763934943238,XRPUSDT,[],63.69,,
4923,1763935243238,XRPUSDT,[],56.82,,
4924,1763935843238,XRPUSDT,[],66.01,,
4925,1763937043238,XRPUSDT,[],63.27,,
4926,1763938843238,XRPUSDT,"[""shooting_star""]",58.94,,
4927,1763939143238,XRPUSDT,[],61.35,,
4928,1763939443238,XRPUSDT,[],68.61,,
4929,1763940043238,XRPUSDT,[],56.03,,
4930,1763941843238,XRPUSDT,[],57.72,,
4931,1763942443238,XRPUSDT,[],60.5,,
4932,1763943043238,XRPUSDT,[],64.4,,
4933,1763943343238,XRPUSDT,"[""shooting_star""]",58.57,,
4934,1763944243238,XRPUSDT,[],57.48,,
4935,1763944843238,XRPUSDT,[],59.39,,
4936,1763946643238,XRPUSDT,"[""shooting_star""]",61.1,,
4937,1763947243238,XRPUSDT,"[""doji""]",59.73,,
4938,1763947843238,XRPUSDT,[],56.89,,
4939,1763948143238,XRPUSDT,"[""bearish_engulfing""]",64.58,,
4940,1763948443238,XRPUSDT,[],66.05,,
4941,1763948743238,XRPUSDT,"[""doji""]",59.13,,
4942,1763949343238,XRPUSDT,"[""bullish_engulfing""]",56.25,,
4943,1763951743238,XRPUSDT,[],63.01,,
4944,1763952943238,XRPUSDT,"[""shooting_star""]",63.09,,
4945,1763954143238,XRPUSDT,[],58.71,,
4946,1763954443238,XRPUSDT,[],64.81,,
4947,1763954743238,XRPUSDT,[],59.18,,
4948,1763955343238,XRPUSDT,"[""doji""]",58.88,,
4949,1763955943238,XRPUSDT,[],64.11,,
4950,1763956543238,XRPUSDT,[],61.09,,
4951,1763957143238,XRPUSDT,[],67.05,,
4952,1763957443238,XRPUSDT,"[""doji""]",62.01,,
4953,1763957743238,XRPUSDT,[],61.41,,
4954,1763958043238,XRPUSDT,[],66.56,,
4955,1763963143238,XRPUSDT,"[""doji""]",56.74,,
4956,1763963443238,XRPUSDT,"[""shooting_star""]",63.53,,
4957,1763964043238,XRPUSDT,[],57.71,,
4958,1763964343238,XRPUSDT,[],61.45,,
4959,1763964943238,XRPUSDT,"[""doji""]",59.47,,
4960,1763966143238,XRPUSDT,[],65.72,,
4961,1763967343238,XRPUSDT,[],59.05,,
4962,1763969143238,XRPUSDT,"[""doji""]",58.31,,
4963,1763969743238,XRPUSDT,[],60.13,,
4964,1763970943238,XRPUSDT,[],56.03,,
4965,1763971243238,XRPUSDT,[],67.51,,
4966,1763971543238,XRPUSDT,[],67.89,,
4967,1763973343238,XRPUSDT,[],62.73,,
4968,1763974543238,XRPUSDT,[],66.66,,
4969,1763975143238,XRPUSDT,[],64.7,,
4970,1763975443238,XRPUSDT,[],65.56,,
4971,1763975743238,XRPUSDT,[],59.14,,
4972,1763976043238,XRPUSDT,[],74.6,,
4973,1763976343238,XRPUSDT,[],72.21,,
4974,1763976643238,XRPUSDT,[],59.15,,
4975,1763979943238,XRPUSDT,[],62.97,,
4976,1763980543238,XRPUSDT,"[""doji"", ""shooting_star""]",63.52,,
4977,1763980843238,XRPUSDT,"[""doji"", ""shooting_star""]",61.52,,
4978,1763981743238,XRPUSDT,"[""doji""]",57.95,,
4979,1763982343238,XRPUSDT,[],64.1,,
4980,1763984143238,XRPUSDT,[],58.11,,
4981,1763984443238,XRPUSDT,"[""doji""]",65.79,,
4982,1763984743238,XRPUSDT,"[""shooting_star""]",59.11,,
4983,1763985643238,XRPUSDT,[],59.15,,
4984,1763986243238,XRPUSDT,"[""bearish_engulfing""]",61.27,,
4985,1763986843238,XRPUSDT,[],60.57,,
4986,1763987143238,XRPUSDT,[],69.2,,
4987,1763987443238,XRPUSDT,[],61.94,,
4988,1763987743238,XRPUSDT,[],64.21,,
4989,1763988343238,XRPUSDT,[],56.59,,
4990,1763988943238,XRPUSDT,[],60.26,,
4991,1763989543238,XRPUSDT,[],62.38,,
4992,1763993143238,XRPUSDT,"[""shooting_star""]",68.05,,
4993,1763993743238,XRPUSDT,[],57.61,,
4994,1763994043238,XRPUSDT,[],58.29,,
4995,1763994343238,XRPUSDT,[],63.53,,
4996,1763995243238,XRPUSDT,[],66.74,,
4997,1763995543238,XRPUSDT,"[""doji""]",67.02,,
4998,1763995843238,XRPUSDT,[],68.72,,
4999,1763996143238,XRPUSDT,[],57.89,,
5000,1763997043238,XRPUSDT,[],57.07,,
5001,1763997643238,XRPUSDT,"[""doji""]",64.03,,
5002,1763998243238,XRPUSDT,[],57.28,,
5003,1763998543238,XRPUSDT,[],64.62,,
5004,1763999143238,XRPUSDT,[],62.57,,
5005,1763999743238,XRPUSDT,"[""doji""]",64.02,,
5006,1764000043238,XRPUSDT,"[""bullish_engulfing""]",60.09,,
5007,1764000343238,XRPUSDT,[],66.9,,
5008,1764001243238,XRPUSDT,[],67.91,,
5009,1764001543238,XRPUSDT,[],59.66,,
5010,1764003343238,XRPUSDT,"[""doji""]",65.44,,
5011,1764004543238,XRPUSDT,[],68.12,,
5012,1764004843238,XRPUSDT,[],70.65,,
5013,1764006343238,XRPUSDT,[],57.32,,
5014,1764006943238,XRPUSDT,"[""doji""]",63.32,,
5015,1764009043238,XRPUSDT,[],58.18,,
5016,1764009343238,XRPUSDT,"[""bullish_engulfing""]",62.5,,
5017,1764011443238,XRPUSDT,[],60.19,,
5018,1764012343238,XRPUSDT,"[""shooting_star""]",62.68,,
5019,1764012943238,XRPUSDT,[],56.5,,
5020,1764013243238,XRPUSDT,[],64.61,,
5021,1764014143238,XRPUSDT,"[""bullish_engulfing""]",60.07,,
5022,1764014443238,XRPUSDT,[],72.87,,
5023,1764014743238,XRPUSDT,[],77.86,,
5024,1764015043238,XRPUSDT,"[""doji"", ""shooting_star""]",59.84,,
5025,1764018943238,XRPUSDT,"[""doji""]",61.77,,
5026,1764019243238,XRPUSDT,"[""shooting_star""]",60.01,,
5027,1764020143238,XRPUSDT,[],68.59,,
5028,1764020443238,XRPUSDT,[],77.39,,
5029,1764020743238,XRPUSDT,[],68.38,,
5030,1764021343238,XRPUSDT,[],78.89,,
5031,1764021643238,XRPUSDT,"[""bullish_engulfing""]",76.98,,
5032,1764023443238,XRPUSDT,[],64.98,,
5033,1764024043238,XRPUSDT,[],65.17,,
5034,1764025243238,XRPUSDT,"[""bullish_engulfing""]",63.93,,
5035,1764025543238,XRPUSDT,[],64.24,,
5036,1764025843238,XRPUSDT,[],72.47,,
5037,1764026143238,XRPUSDT,"[""shooting_star""]",75.91,,
5038,1764027043238,XRPUSDT,[],68.4,,
5039,1764027643238,XRPUSDT,"[""shooting_star""]",64.38,,
5040,1764027943238,XRPUSDT,[],68.98,,
5041,1764028543238,XRPUSDT,[],62.58,,
5042,1764028843238,XRPUSDT,[],68.73,,
5043,1764029143238,XRPUSDT,[],64.94,,
5044,1764037543238,XRPUSDT,[],74.97,,
5045,1764037843238,XRPUSDT,[],80.91,,
5046,1764039943238,XRPUSDT,"[""bearish_engulfing""]",63.68,,
5047,1764040543238,XRPUSDT,[],62.47,,
5048,1764041743238,XRPUSDT,"[""doji""]",59.12,,
5049,1764042643238,XRPUSDT,[],66.41,,
5050,1764043243238,XRPUSDT,"[""bullish_engulfing""]",73.73,,
5051,1764043543238,XRPUSDT,[],69.55,,
5052,1764044743238,XRPUSDT,[],82.02,,
5053,1764045043238,XRPUSDT,[],73.53,,
5054,1764045343238,XRPUSDT,"[""shooting_star""]",60.3,,
5055,1764053443238,XRPUSDT,[],57.47,,
5056,1764053743238,XRPUSDT,[],68.14,,
5057,1764054043238,XRPUSDT,[],86.08,,
5058,1764054343238,XRPUSDT,[],65.42,,
5059,1764055543238,XRPUSDT,[],58.67,,
5060,1764057043238,XRPUSDT,[],64.73,,
5061,1764057343238,XRPUSDT,[],60.82,,
5062,1764057943238,XRPUSDT,[],62.86,,
5063,1764058543238,XRPUSDT,[],56.54,,
5064,1764060643238,XRPUSDT,[],60.24,,
5065,1764062443238,XRPUSDT,"[""bearish_engulfing""]",65.73,,
5066,1764063043238,XRPUSDT,[],56.48,,
5067,1764067543238,XRPUSDT,[],56.52,,
5068,1764068143238,XRPUSDT,[],60.97,,
5069,1764069643238,XRPUSDT,[],56.55,,
5070,1764071443238,XRPUSDT,[],59.04,,
5071,1764071743238,XRPUSDT,[],56.46,,
5072,1764072043238,XRPUSDT,[],63.51,,
5073,1764075043238,XRPUSDT,[],59.68,,
5074,1764076543238,XRPUSDT,[],66.64,,
5075,1764077443238,XRPUSDT,[],66.07,,
5076,1764077743238,XRPUSDT,[],66.88,,
5077,1764081043238,XRPUSDT,[],70.46,,
5078,1764081343238,XRPUSDT,"[""doji""]",65.68,,
5079,1764081643238,XRPUSDT,[],60.74,,
5080,1764082243238,XRPUSDT,"[""bullish_engulfing""]",56.65,,
5081,1764082843238,XRPUSDT,[],56.45,,
5082,1764085243238,XRPUSDT,[],69.92,,
5083,1764085543238,XRPUSDT,[],59.2,,
5084,1764088243238,XRPUSDT,[],59.89,,
5085,1764089143238,XRPUSDT,[],56.45,,
5086,1764089443238,XRPUSDT,[],64.5,,
5087,1764089743238,XRPUSDT,[],59.29,,
5088,1764090043238,XRPUSDT,"[""bullish_engulfing""]",59.65,,
5089,1764091843238,XRPUSDT,[],57.52,,
5090,1764092143238,XRPUSDT,"[""doji""]",61.84,,
5091,1764093043238,XRPUSDT,"[""bullish_engulfing""]",65.42,,
5092,1764094543238,XRPUSDT,"[""doji""]",59.32,,
5093,1764095143238,XRPUSDT,[],64.26,,
5094,1764096043238,XRPUSDT,[],61.97,,
5095,1764096643238,XRPUSDT,[],56.12,,
5096,1764096943238,XRPUSDT,[],56.27,,
5097,1764097243238,XRPUSDT,[],59.25,,
5098,1764097543238,XRPUSDT,"[""doji"", ""shooting_star""]",59.81,,
5099,1764097843238,XRPUSDT,[],63.59,,
5100,1764098443238,XRPUSDT,"[""doji""]",66.36,,
5101,1764102943238,XRPUSDT,[],57.81,,
5102,1764103243238,XRPUSDT,[],57.56,,
5103,1764103543238,XRPUSDT,"[""bearish_engulfing""]",59.28,,
5104,1764105943238,XRPUSDT,"[""shooting_star""]",56.46,,
5105,1764107743238,XRPUSDT,[],56.38,,
5106,1764108343238,XRPUSDT,[],57.97,,
5107,1764109243238,XRPUSDT,[],57.6,,
5108,1764110143238,XRPUSDT,[],67.52,,
5109,1764113143238,XRPUSDT,"[""bullish_engulfing""]",60.89,,
5110,1764113743238,XRPUSDT,[],58.76,,
5111,1764115243238,XRPUSDT,[],57.39,,
5112,1764116143238,XRPUSDT,[],57.42,,
5113,1764116743238,XRPUSDT,[],58.57,,
5114,1764117643238,XRPUSDT,[],60.7,,
5115,1764118543238,XRPUSDT,[],65.57,,
5116,1764118843238,XRPUSDT,[],63.1,,
5117,1764119143238,XRPUSDT,[],58.04,,
5118,1764120043238,XRPUSDT,"[""doji""]",65.93,,
5119,1764120943238,XRPUSDT,[],56.72,,
5120,1764123043238,XRPUSDT,[],64.59,,
5121,1764123343238,XRPUSDT,"[""shooting_star""]",57.96,,
5122,1764125443238,XRPUSDT,"[""bullish_engulfing""]",80.26,,
5123,1764126043238,XRPUSDT,[],59.43,,
5124,1764127243238,XRPUSDT,[],62.34,,
5125,1764128143238,XRPUSDT,[],64.48,,
5126,1764128443238,XRPUSDT,[],63.15,,
5127,1764128743238,XRPUSDT,[],58.63,,
5128,1764130843238,XRPUSDT,"[""doji""]",56.71,,
5129,1764131443238,XRPUSDT,"[""doji""]",56.72,,
5130,1764132043238,XRPUSDT,[],57.94,,
5131,1764135343238,XRPUSDT,[],58.67,,
5132,1764137443238,XRPUSDT,[],61.93,,
5133,1764138043238,XRPUSDT,[],66.23,,
5134,1764139243238,XRPUSDT,[],66.54,,
5135,1764140443238,XRPUSDT,[],56.79,,
5136,1764141043238,XRPUSDT,[],60.73,,
5137,1764141643238,XRPUSDT,[],69.13,,
5138,1764142243238,XRPUSDT,[],57.69,,
5139,1764142843238,XRPUSDT,[],66.92,,
5140,1764143743238,XRPUSDT,[],60.29,,
5141,1764144043238,XRPUSDT,[],57.43,,
5142,1764144343238,XRPUSDT,"[""bearish_engulfing""]",58.25,,
5143,1764144943238,XRPUSDT,[],60.86,,
5144,1764145543238,XRPUSDT,[],57.96,,
5145,1764145843238,XRPUSDT,[],64.34,,
5146,1764146143238,XRPUSDT,[],57.29,,
5147,1764147643238,XRPUSDT,[],57.15,,
5148,1764149443238,XRPUSDT,[],58.48,,
5149,1764152443238,XRPUSDT,"[""doji""]",56.69,,
5150,1764153343238,XRPUSDT,[],61.34,,
5151,1764154543238,XRPUSDT,"[""shooting_star""]",63.13,,
5152,1764154843238,XRPUSDT,[],61.89,,
5153,1764155443238,XRPUSDT,[],58.02,,
5154,1764157243238,XRPUSDT,[],56.23,,
5155,1764158443238,XRPUSDT,[],60.24,,
5156,1764158743238,XRPUSDT,[],60.75,,
5157,1764161743238,XRPUSDT,"[""doji""]",62.77,,
5158,1764163543238,XRPUSDT,[],68.36,,
5159,1764164143238,XRPUSDT,"[""doji""]",69.98,,
5160,1764164443238,XRPUSDT,[],59.87,,
5161,1764165043238,XRPUSDT,[],68.89,,
5162,1764165643238,XRPUSDT,[],64.12,,
5163,1764166243238,XRPUSDT,[],60.28,,
5164,1764166843238,XRPUSDT,[],57.58,,
5165,1764167743238,XRPUSDT,[],60.12,,
5166,1764168043238,XRPUSDT,[],59.49,,
5167,1764168343238,XRPUSDT,"[""doji"", ""shooting_star""]",58.12,,
5168,1764170443238,XRPUSDT,[],58.11,,
5169,1764172843238,XRPUSDT,[],60.71,,
5170,1764173143238,XRPUSDT,[],58.88,,
5171,1764173743238,XRPUSDT,[],70.79,,
5172,1764174343238,XRPUSDT,[],56.22,,
5173,1764174943238,XRPUSDT,[],57.06,,
5174,1764175543238,XRPUSDT,[],62.47,,
5175,1764177043238,XRPUSDT,"[""doji""]",60.2,,
5176,1764177343238,XRPUSDT,[],56.84,,
5177,1764177943238,XRPUSDT,[],67.0,,
5178,1764178543238,XRPUSDT,[],62.58,,
5179,1764179143238,XRPUSDT,[],63.14,,
5180,1764180643238,XRPUSDT,[],69.75,,
5181,1764180943238,XRPUSDT,"[""bullish_engulfing""]",70.55,,
5182,1764182743238,XRPUSDT,"[""doji"", ""shooting_star""]",58.29,,
5183,1764183043238,XRPUSDT,[],68.22,,
5184,1764184843238,XRPUSDT,[],60.62,,
5185,1764185143238,XRPUSDT,[],58.61,,
5186,1764185443238,XRPUSDT,"[""doji""]",66.32,,
5187,1764185743238,XRPUSDT,[],73.55,,
5188,1764186943238,XRPUSDT,"[""bullish_engulfing""]",57.16,,
5189,1764188143238,XRPUSDT,"[""bearish_engulfing""]",71.05,,
5190,1764189043238,XRPUSDT,[],68.3,,
5191,1764189343238,XRPUSDT,"[""shooting_star""]",59.3,,
5192,1764189943238,XRPUSDT,"[""bullish_engulfing""]",57.9,,
5193,1764191443238,XRPUSDT,"[""doji""]",63.15,,
5194,1764192043238,XRPUSDT,[],60.32,,
5195,1764193243238,XRPUSDT,"[""doji""]",70.02,,
5196,1764194443238,XRPUSDT,[],60.83,,
5197,1764194743238,XRPUSDT,[],61.02,,
5198,1764195943238,XRPUSDT,[],65.49,,
5199,1764196243238,XRPUSDT,[],64.28,,
5200,1764196543238,XRPUSDT,"[""doji""]",58.86,,
5201,1764196843238,XRPUSDT,[],61.59,,
5202,1764198343238,XRPUSDT,[],67.1,,
5203,1764199843238,XRPUSDT,[],60.34,,
5204,1764200443238,XRPUSDT,[],57.95,,
5205,1764200743238,XRPUSDT,"[""bullish_engulfing""]",59.35,,
5206,1764201643238,XRPUSDT,[],60.83,,
5207,1764201943238,XRPUSDT,[],59.74,,
5208,1764202543238,XRPUSDT,"[""doji""]",63.9,,
5209,1764204043238,XRPUSDT,[],56.4,,
5210,1764204343238,XRPUSDT,[],62.55,,
5211,1764205543238,XRPUSDT,[],57.15,,
5212,1764205843238,XRPUSDT,[],59.98,,
5213,1764207643238,XRPUSDT,"[""bullish_engulfing""]",57.84,,
5214,1764208243238,XRPUSDT,[],57.32,,
5215,1764208543238,XRPUSDT,[],61.24,,
5216,1764208843238,XRPUSDT,[],66.89,,
5217,1764209143238,XRPUSDT,[],63.34,,
5218,1764209743238,XRPUSDT,[],66.72,,
5219,1764210643238,XRPUSDT,"[""doji""]",62.25,,
5220,1764210943238,XRPUSDT,[],57.16,,
5221,1764211243238,XRPUSDT,"[""bullish_engulfing""]",73.58,,
5222,1764211543238,XRPUSDT,"[""doji"", ""shooting_star""]",69.2,,
5223,1764213343238,XRPUSDT,"[""doji""]",58.56,,
5224,1764213943238,XRPUSDT,"[""bearish_engulfing""]",64.84,,
5225,1764215743238,XRPUSDT,[],59.53,,
5226,1764216343238,XRPUSDT,[],65.41,,
5227,1764217543238,XRPUSDT,[],57.67,,
5228,1764217843238,XRPUSDT,[],65.97,,
5229,1764218443238,XRPUSDT,[],62.34,,
5230,1764219043238,XRPUSDT,[],65.42,,
5231,1764220843238,XRPUSDT,"[""bullish_engulfing""]",63.37,,
5232,1764221443238,XRPUSDT,[],63.15,,
5233,1764221743238,XRPUSDT,[],58.99,,
5234,1764227143238,XRPUSDT,[],65.35,,
5235,1764227443238,XRPUSDT,[],69.04,,
5236,1764228343238,XRPUSDT,[],57.74,,
5237,1764228643238,XRPUSDT,[],58.62,,
5238,1764228943238,XRPUSDT,[],61.85,,
5239,1764230443238,XRPUSDT,[],58.01,,
5240,1764230743238,XRPUSDT,"[""bullish_engulfing""]",63.87,,
5241,1764233143238,XRPUSDT,[],59.21,,
5242,1764234043238,XRPUSDT,[],73.1,,
5243,1764235843238,XRPUSDT,[],60.15,,
5244,1764237943238,XRPUSDT,[],58.15,,
5245,1764239443238,XRPUSDT,[],56.57,,
5246,1764241243238,XRPUSDT,[],58.51,,
5247,1764241843238,XRPUSDT,"[""shooting_star""]",60.8,,
5248,1764242743238,XRPUSDT,[],56.58,,
5249,1764243043238,XRPUSDT,[],64.92,,
5250,1764243643238,XRPUSDT,"[""bearish_engulfing""]",61.42,,
5251,1764244243238,XRPUSDT,[],59.05,,
5252,1764244543238,XRPUSDT,"[""shooting_star""]",59.49,,
5253,1764244843238,XRPUSDT,[],60.94,,
5254,1764246043238,XRPUSDT,[],62.01,,
5255,1764246343238,XRPUSDT,"[""doji""]",62.13,,
5256,1764247243238,XRPUSDT,[],67.22,,
5257,1764248443238,XRPUSDT,[],56.89,,
5258,1764249643238,XRPUSDT,"[""bearish_engulfing""]",58.18,,
5259,1764250243238,XRPUSDT,[],61.26,,
5260,1764250543238,XRPUSDT,[],60.01,,
5261,1764251743238,XRPUSDT,[],56.44,,
5262,1764252943238,XRPUSDT,"[""doji""]",59.14,,
5263,1764253843238,XRPUSDT,"[""shooting_star""]",60.43,,
5264,1764255943238,XRPUSDT,[],57.54,,
5265,1764257143238,XRPUSDT,[],63.21,,
5266,1764257443238,XRPUSDT,[],58.25,,
5267,1764257743238,XRPUSDT,"[""doji""]",59.83,,
5268,1764261343238,XRPUSDT,"[""doji""]",57.08,,
5269,1764261943238,XRPUSDT,[],61.85,,
5270,1764262843238,XRPUSDT,[],57.23,,
5271,1764263143238,XRPUSDT,"[""doji""]",60.8,,
5272,1764263443238,XRPUSDT,"[""doji""]",56.8,,
5273,1764265843238,XRPUSDT,[],62.53,,
5274,1764267043238,XRPUSDT,"[""shooting_star""]",73.12,,
5275,1764268843238,XRPUSDT,[],63.4,,
5276,1764269143238,XRPUSDT,[],69.53,,
5277,1764270043238,XRPUSDT,[],68.9,,
5278,1764270943238,XRPUSDT,[],57.11,,
5279,1764272743238,XRPUSDT,[],63.1,,
5280,1764273343238,XRPUSDT,[],64.5,,
5281,1764273643238,XRPUSDT,"[""shooting_star""]",61.81,,
5282,1764274243238,XRPUSDT,[],64.2,,
5283,1764275443238,XRPUSDT,[],60.02,,
5284,1764276643238,XRPUSDT,"[""shooting_star""]",64.9,,
5285,1764277243238,XRPUSDT,[],68.08,,
5286,1764277543238,XRPUSDT,[],56.99,,
5287,1764279043238,XRPUSDT,[],62.59,,
5288,1764280243238,XRPUSDT,[],61.93,,
5289,1764280543238,XRPUSDT,[],60.27,,
5290,1764282943238,XRPUSDT,[],56.56,,
5291,1764288043238,XRPUSDT,[],56.35,,
5292,1764289243238,XRPUSDT,[],58.55,,
5293,1764290143238,XRPUSDT,[],58.32,,
5294,1764290443238,XRPUSDT,"[""bearish_engulfing""]",63.88,,
5295,1764290743238,XRPUSDT,[],57.85,,
5296,1764291043238,XRPUSDT,[],63.49,,
5297,1764291343238,XRPUSDT,[],57.87,,
5298,1764291643238,XRPUSDT,"[""bearish_engulfing""]",59.68,,
5299,1764291943238,XRPUSDT,[],60.6,,
5300,1764292243238,XRPUSDT,[],63.7,,
5301,1764292843238,XRPUSDT,[],63.19,,
5302,1764294043238,XRPUSDT,"[""doji""]",59.22,,
5303,1764294643238,XRPUSDT,[],61.97,,
5304,1764298843238,XRPUSDT,[],60.11,,
5305,1764299143238,XRPUSDT,"[""bearish_engulfing""]",57.44,,
5306,1764299743238,XRPUSDT,[],59.73,,
5307,1764303043238,XRPUSDT,[],59.18,,
5308,1764303343238,XRPUSDT,"[""doji""]",61.82,,
5309,1764304243238,XRPUSDT,"[""doji""]",63.09,,
5310,1764306043238,XRPUSDT,[],59.0,,
5311,1764306643238,XRPUSDT,"[""shooting_star""]",58.43,,
5312,1764307243238,XRPUSDT,[],57.65,,
5313,1764308143238,XRPUSDT,[],63.65,,
5314,1764310543238,XRPUSDT,[],63.43,,
5315,1764311143238,XRPUSDT,[],61.83,,
5316,1764311443238,XRPUSDT,[],58.82,,
5317,1764311743238,XRPUSDT,[],58.48,,
5318,1764315043238,XRPUSDT,[],63.84,,
5319,1764317743238,XRPUSDT,[],57.5,,
5320,1764318943238,XRPUSDT,[],62.78,,
5321,1764319543238,XRPUSDT,[],58.82,,
5322,1764319843238,XRPUSDT,[],60.68,,
5323,1764320443238,XRPUSDT,[],67.62,,
5324,1764321043238,XRPUSDT,[],60.47,,
5325,1764321643238,XRPUSDT,"[""bearish_engulfing""]",84.15,,
5326,1764322243238,XRPUSDT,"[""bearish_engulfing""]",66.89,,
5327,1764323143238,XRPUSDT,"[""bullish_engulfing""]",62.66,,
5328,1764324643238,XRPUSDT,[],72.64,,
5329,1764325243238,XRPUSDT,[],63.25,,
5330,1764326143238,XRPUSDT,[],72.46,,
5331,1764326443238,XRPUSDT,"[""doji""]",62.8,,
5332,1764326743238,XRPUSDT,[],64.37,,
5333,1764327043238,XRPUSDT,"[""doji""]",59.7,,
5334,1764327343238,XRPUSDT,"[""doji"", ""shooting_star""]",71.64,,
5335,1764327643238,XRPUSDT,"[""bearish_engulfing""]",57.49,,
5336,1764330043238,XRPUSDT,[],63.37,,
5337,1764333943238,XRPUSDT,"[""shooting_star""]",59.3,,
5338,1764334243238,XRPUSDT,[],61.84,,
5339,1764336643238,XRPUSDT,"[""shooting_star""]",70.3,,
5340,1764336943238,XRPUSDT,[],57.92,,
5341,1764339043238,XRPUSDT,[],67.17,,
5342,1764339343238,XRPUSDT,[],56.55,,
5343,1764339943238,XRPUSDT,"[""bullish_engulfing""]",64.5,,
5344,1764340243238,XRPUSDT,[],70.42,,
5345,1764341143238,XRPUSDT,"[""shooting_star""]",60.4,,
5346,1764342343238,XRPUSDT,[],59.08,,
5347,1764343243238,XRPUSDT,[],61.83,,
5348,1764346543238,XRPUSDT,[],56.53,,
5349,1764346843238,XRPUSDT,[],65.23,,
5350,1764348043238,XRPUSDT,"[""bearish_engulfing""]",66.61,,
5351,1764348643238,XRPUSDT,[],64.68,,
5352,1764348943238,XRPUSDT,[],56.7,,
5353,1764350143238,XRPUSDT,"[""doji""]",57.07,,
5354,1764350443238,XRPUSDT,"[""bearish_engulfing""]",57.92,,
5355,1764350743238,XRPUSDT,"[""doji""]",64.13,,
5356,1764354643238,XRPUSDT,"[""doji"", ""shooting_star""]",58.56,,
5357,1764355243238,XRPUSDT,[],56.47,,
5358,1764358843238,XRPUSDT,"[""bullish_engulfing""]",56.73,,
5359,1764359443238,XRPUSDT,[],56.39,,
5360,1764360043238,XRPUSDT,[],63.87,,
5361,1764361243238,XRPUSDT,"[""doji"", ""shooting_star""]",69.17,,
5362,1764362143238,XRPUSDT,"[""bullish_engulfing""]",58.28,,
5363,1764363943238,XRPUSDT,"[""doji""]",59.71,,
5364,1764366043238,XRPUSDT,[],58.08,,
5365,1764366343238,XRPUSDT,[],57.23,,
5366,1764367243238,XRPUSDT,[],64.92,,
5367,1764367543238,XRPUSDT,[],63.07,,
5368,1764368143238,XRPUSDT,[],59.36,,
5369,1764368743238,XRPUSDT,"[""bullish_engulfing""]",67.72,,
5370,1764370243238,XRPUSDT,[],60.6,,
5371,1764370543238,XRPUSDT,[],61.5,,
5372,1764371143238,XRPUSDT,[],57.29,,
5373,1764372343238,XRPUSDT,[],56.95,,
5374,1764374443238,XRPUSDT,[],58.76,,
5375,1764378343238,XRPUSDT,[],73.83,,
5376,1764378943238,XRPUSDT,[],58.8,,
5377,1764382543238,XRPUSDT,[],69.45,,
5378,1764383743238,XRPUSDT,[],57.99,,
5379,1764385243238,XRPUSDT,[],62.99,,
5380,1764385843238,XRPUSDT,[],60.07,,
5381,1764386143238,XRPUSDT,[],61.31,,
5382,1764386443238,XRPUSDT,[],58.76,,
5383,1764387943238,XRPUSDT,"[""shooting_star""]",60.41,,
5384,1764388243238,XRPUSDT,"[""doji"", ""shooting_star""]",56.92,,
5385,1764390643238,XRPUSDT,[],66.27,,
5386,1764392143238,XRPUSDT,[],71.95,,
5387,1764392443238,XRPUSDT,[],62.64,,
5388,1764393643238,XRPUSDT,[],57.81,,
5389,1764393943238,XRPUSDT,[],58.42,,
5390,1764394243238,XRPUSDT,[],60.49,,
5391,1764394543238,XRPUSDT,[],62.11,,
5392,1764395443238,XRPUSDT,"[""doji""]",56.57,,
5393,1764396043238,XRPUSDT,[],59.14,,
5394,1764396343238,XRPUSDT,[],60.33,,
5395,1764396643238,XRPUSDT,"[""shooting_star""]",58.78,,
5396,1764399643238,XRPUSDT,[],61.11,,
5397,1764400243238,XRPUSDT,[],56.47,,
5398,1764400843238,XRPUSDT,[],61.01,,
5399,1764404443238,XRPUSDT,[],60.79,,
5400,1764405943238,XRPUSDT,"[""shooting_star""]",58.17,,
5401,1764408643238,XRPUSDT,[],56.32,,
5402,1764409243238,XRPUSDT,[],57.29,,
5403,1764409543238,XRPUSDT,[],56.19,,
5404,1764410443238,XRPUSDT,[],59.18,,
5405,1764411643238,XRPUSDT,[],60.34,,
5406,1764413743238,XRPUSDT,[],64.97,,
5407,1764414343238,XRPUSDT,[],61.26,,
5408,1764414943238,XRPUSDT,[],64.15,,
5409,1764416143238,XRPUSDT,[],60.05,,
5410,1764418243238,XRPUSDT,"[""shooting_star""]",61.26,,
5411,1764418543238,XRPUSDT,[],62.76,,
5412,1764421243238,XRPUSDT,[],62.8,,
5413,1764421843238,XRPUSDT,[],58.53,,
5414,1764422143238,XRPUSDT,[],65.4,,
5415,1764422443238,XRPUSDT,[],56.58,,
5416,1764423043238,XRPUSDT,"[""bearish_engulfing""]",59.46,,
5417,1764423343238,XRPUSDT,[],62.7,,
5418,1764424843238,XRPUSDT,[],59.24,,
5419,1764426343238,XRPUSDT,[],68.63,,
5420,1764426643238,XRPUSDT,"[""doji""]",57.17,,
5421,1764429943238,XRPUSDT,"[""shooting_star""]",56.79,,
5422,1764431743238,XRPUSDT,[],69.82,,
5423,1764433243238,XRPUSDT,[],67.74,,
5424,1764433543238,XRPUSDT,[],65.96,,
5425,1764435343238,XRPUSDT,[],56.34,,
5426,1764436243238,XRPUSDT,[],64.02,,
5427,1764436543238,XRPUSDT,[],58.12,,
5428,1764436843238,XRPUSDT,[],61.12,,
5429,1764437743238,XRPUSDT,[],60.03,,
5430,1764438643238,XRPUSDT,[],63.86,,
5431,1764439543238,XRPUSDT,[],56.43,,
5432,1764443143238,XRPUSDT,[],62.14,,
5433,1764444343238,XRPUSDT,[],64.42,,
5434,1764446743238,XRPUSDT,[],59.1,,
5435,1764448543238,XRPUSDT,[],61.83,,
5436,1764449143238,XRPUSDT,[],63.44,,
5437,1764449443238,XRPUSDT,"[""shooting_star""]",65.95,,
5438,1764449743238,XRPUSDT,[],59.03,,
5439,1764450643238,XRPUSDT,"[""doji""]",60.33,,
5440,1764452143238,XRPUSDT,[],62.83,,
5441,1764455743238,XRPUSDT,"[""doji""]",60.09,,
5442,1764456043238,XRPUSDT,[],68.66,,
5443,1764457243238,XRPUSDT,[],63.23,,
5444,1764457843238,XRPUSDT,"[""bullish_engulfing""]",57.74,,
5445,1764459043238,XRPUSDT,[],56.29,,
5446,1764462043238,XRPUSDT,[],59.27,,
5447,1764462643238,XRPUSDT,[],58.16,,
5448,1764462943238,XRPUSDT,[],58.87,,
5449,1764463543238,XRPUSDT,"[""doji""]",56.05,,
5450,1764464143238,XRPUSDT,[],62.56,,
5451,1764464743238,XRPUSDT,[],60.55,,
5452,1764468343238,XRPUSDT,[],66.44,,
5453,1764469543238,XRPUSDT,[],67.11,,
5454,1764470143238,XRPUSDT,[],59.13,,
5455,1764470443238,XRPUSDT,[],64.62,,
5456,1764470743238,XRPUSDT,[],58.94,,
5457,1764471343238,XRPUSDT,[],60.6,,
5458,1764471943238,XRPUSDT,[],65.28,,
5459,1764472543238,XRPUSDT,[],59.6,,
5460,1764472843238,XRPUSDT,[],58.54,,
5461,1764473443238,XRPUSDT,"[""bullish_engulfing""]",57.9,,
5462,1764475243238,XRPUSDT,[],56.56,,
5463,1764478843238,XRPUSDT,[],61.1,,
5464,1764479143238,XRPUSDT,[],59.12,,
5465,1764479743238,XRPUSDT,[],60.36,,
5466,1764480043238,XRPUSDT,[],66.83,,
5467,1764482743238,XRPUSDT,[],57.14,,
5468,1764483643238,XRPUSDT,[],57.64,,
5469,1764485143238,XRPUSDT,[],63.34,,
5470,1764487543238,XRPUSDT,[],58.05,,
5471,1764488743238,XRPUSDT,[],59.56,,
5472,1764489643238,XRPUSDT,[],57.43,,
5473,1764489943238,XRPUSDT,[],64.9,,
5474,1764491443238,XRPUSDT,[],59.98,,
5475,1764491743238,XRPUSDT,[],64.04,,
5476,1764494143238,XRPUSDT,[],62.1,,
5477,1764496543238,XRPUSDT,"[""doji""]",62.45,,
5478,1764497143238,XRPUSDT,[],58.61,,
5479,1764497743238,XRPUSDT,[],61.4,,
5480,1764498043238,XRPUSDT,[],58.11,,
5481,1764498343238,XRPUSDT,[],56.09,,
5482,1764498943238,XRPUSDT,"[""doji""]",81.61,,
5483,1764504043238,XRPUSDT,[],56.52,,
5484,1764504343238,XRPUSDT,[],59.36,,
5485,1764504943238,XRPUSDT,[],63.5,,
5486,1764505843238,XRPUSDT,[],61.21,,
5487,1764506743238,XRPUSDT,[],62.37,,
5488,1764507043238,XRPUSDT,"[""bearish_engulfing""]",57.89,,
5489,1764508843238,XRPUSDT,[],64.11,,
5490,1764509143238,XRPUSDT,[],56.82,,
5491,1764511543238,XRPUSDT,[],62.39,,
5492,1764512143238,XRPUSDT,[],61.03,,
5493,1764512443238,XRPUSDT,[],58.3,,
5494,1764513043238,XRPUSDT,[],61.12,,
5495,1764516043238,XRPUSDT,[],73.68,,
5496,1764516943238,XRPUSDT,[],56.28,,
5497,1764517543238,XRPUSDT,[],57.55,,
5498,1764518143238,XRPUSDT,[],63.61,,
5499,1764519343238,XRPUSDT,[],63.61,,
5500,1764519643238,XRPUSDT,"[""bullish_engulfing""]",59.44,,
5501,1764521443238,XRPUSDT,"[""doji""]",60.23,,
5502,1764522043238,XRPUSDT,[],63.38,,
5503,1764522643238,XRPUSDT,"[""doji""]",58.7,,
5504,1764527443238,XRPUSDT,[],62.52,,
5505,1764528643238,XRPUSDT,"[""shooting_star""]",57.74,,
5506,1764530743238,XRPUSDT,[],61.29,,
5507,1764531643238,XRPUSDT,[],57.61,,
5508,1764533443238,XRPUSDT,"[""bullish_engulfing""]",62.16,,
5509,1764534043238,XRPUSDT,[],57.51,,
5510,1764534343238,XRPUSDT,"[""shooting_star""]",58.68,,
5511,1764535243238,XRPUSDT,[],57.2,,
5512,1764537643238,XRPUSDT,[],60.07,,
5513,1764537943238,XRPUSDT,[],58.46,,
5514,1764540343238,XRPUSDT,[],64.81,,
5515,1764541843238,XRPUSDT,"[""doji""]",62.41,,
5516,1764542443238,XRPUSDT,[],57.83,,
5517,1764543643238,XRPUSDT,"[""doji""]",61.49,,
5518,1764544243238,XRPUSDT,[],60.83,,
5519,1764544543238,XRPUSDT,[],58.2,,
5520,1764547243238,XRPUSDT,[],61.21,,
5521,1764548143238,XRPUSDT,"[""shooting_star""]",60.39,,
5522,1764549343238,XRPUSDT,[],75.06,,
5523,1764549943238,XRPUSDT,"[""doji""]",64.09,,
5524,1764550843238,XRPUSDT,[],64.02,,
5525,1764552643238,XRPUSDT,[],56.51,,
5526,1764552943238,XRPUSDT,"[""bullish_engulfing""]",56.84,,
5527,1764553243238,XRPUSDT,"[""bullish_engulfing""]",61.71,,
5528,1764553843238,XRPUSDT,"[""doji""]",64.2,,
5529,1764554443238,XRPUSDT,[],62.55,,
5530,1764555043238,XRPUSDT,[],63.3,,
5531,1764555643238,XRPUSDT,[],58.39,,
5532,1764556243238,XRPUSDT,"[""shooting_star""]",66.12,,
5533,1764557143238,XRPUSDT,[],62.17,,
5534,1764558343238,XRPUSDT,[],63.25,,
5535,1764558643238,XRPUSDT,[],57.44,,
5536,1764560443238,XRPUSDT,"[""bullish_engulfing""]",61.01,,
5537,1764561343238,XRPUSDT,"[""doji""]",59.81,,
5538,1764561943238,XRPUSDT,[],67.97,,
5539,1764562243238,XRPUSDT,[],57.05,,
5540,1764562543238,XRPUSDT,[],58.39,,
5541,1764562843238,XRPUSDT,"[""bearish_engulfing""]",58.78,,
5542,1764563443238,XRPUSDT,[],63.63,,
5543,1764564643238,XRPUSDT,"[""bearish_engulfing""]",57.61,,
5544,1764565243238,XRPUSDT,[],56.03,,
5545,1764565543238,XRPUSDT,[],63.66,,
5546,1764565843238,XRPUSDT,[],58.89,,
5547,1764567043238,XRPUSDT,[],60.37,,
5548,1764567343238,XRPUSDT,"[""bearish_engulfing""]",65.03,,
5549,1764567943238,XRPUSDT,"[""bullish_engulfing""]",61.9,,
5550,1764568243238,XRPUSDT,[],61.72,,
5551,1764568543238,XRPUSDT,[],75.61,,
5552,1764569143238,XRPUSDT,[],65.9,,
5553,1764569443238,XRPUSDT,"[""doji""]",63.8,,
5554,1764569743238,XRPUSDT,[],68.32,,
5555,1764570943238,XRPUSDT,[],66.89,,
5556,1764571543238,XRPUSDT,[],58.15,,
5557,1764572143238,XRPUSDT,[],67.9,,
5558,1764573643238,XRPUSDT,[],63.75,,
5559,1764574243238,XRPUSDT,[],60.28,,
5560,1764574543238,XRPUSDT,[],60.55,,
5561,1764574843238,XRPUSDT,[],57.91,,
5562,1764575143238,XRPUSDT,[],56.78,,
5563,1764576343238,XRPUSDT,[],66.07,,
5564,1764576643238,XRPUSDT,[],69.37,,
5565,1764577243238,XRPUSDT,"[""doji"", ""shooting_star""]",58.3,,
5566,1764577843238,XRPUSDT,"[""shooting_star""]",61.26,,
5567,1764578143238,XRPUSDT,[],66.47,,
5568,1764578443238,XRPUSDT,[],62.16,,
5569,1764579643238,XRPUSDT,[],61.39,,
5570,1764580243238,XRPUSDT,[],62.4,,
5571,1764580843238,XRPUSDT,[],58.41,,
5572,1764581743238,XRPUSDT,[],60.99,,
5573,1764582943238,XRPUSDT,[],63.39,,
5574,1764583243238,XRPUSDT,[],57.63,,
5575,1764584143238,XRPUSDT,[],59.11,,
5576,1764585643238,XRPUSDT,"[""doji""]",67.72,,
5577,1764586243238,XRPUSDT,"[""bullish_engulfing""]",66.7,,
5578,1764587443238,XRPUSDT,"[""bullish_engulfing""]",59.66,,
5579,1764588343238,XRPUSDT,[],70.47,,
5580,1764588643238,XRPUSDT,[],59.29,,
5581,1764589243238,XRPUSDT,[],67.88,,
5582,1764589843238,XRPUSDT,[],66.25,,
5583,1764590143238,XRPUSDT,[],68.11,,
5584,1764591343238,XRPUSDT,[],60.14,,
5585,1764591943238,XRPUSDT,"[""doji""]",59.42,,
5586,1764592843238,XRPUSDT,[],67.3,,
5587,1764593443238,XRPUSDT,"[""bullish_engulfing""]",56.25,,
5588,1764595543238,XRPUSDT,[],56.53,,
5589,1764595843238,XRPUSDT,[],62.79,,
5590,1764596143238,XRPUSDT,[],59.29,,
5591,1764597043238,XRPUSDT,[],57.01,,
5592,1764597343238,XRPUSDT,[],62.6,,
5593,1764597943238,XRPUSDT,[],63.77,,
5594,1764598243238,XRPUSDT,[],71.11,,
5595,1764598543238,XRPUSDT,[],65.5,,
5596,1764599743238,XRPUSDT,[],56.45,,
5597,1764600343238,XRPUSDT,"[""doji""]",66.52,,
5598,1764600643238,XRPUSDT,"[""bullish_engulfing""]",67.03,,
5599,1764601243238,XRPUSDT,[],57.17,,
5600,1764601543238,XRPUSDT,[],59.74,,
5601,1764602143238,XRPUSDT,[],61.85,,
5602,1764603043238,XRPUSDT,[],58.82,,
5603,1764603343238,XRPUSDT,[],57.11,,
5604,1764603943238,XRPUSDT,[],56.89,,
5605,1764605443238,XRPUSDT,[],60.54,,
5606,1764607243238,XRPUSDT,[],66.55,,
5607,1764607843238,XRPUSDT,"[""doji""]",66.31,,
5608,1764608743238,XRPUSDT,"[""doji""]",63.56,,
5609,1764609343238,XRPUSDT,[],61.08,,
5610,1764610543238,XRPUSDT,[],65.4,,
5611,1764611443238,XRPUSDT,[],58.69,,
5612,1764611743238,XRPUSDT,"[""bearish_engulfing""]",59.35,,
5613,1764612943238,XRPUSDT,[],60.23,,
5614,1764613243238,XRPUSDT,[],64.22,,
5615,1764613543238,XRPUSDT,[],67.24,,
5616,1764613843238,XRPUSDT,"[""bearish_engulfing""]",69.65,,
5617,1764614743238,XRPUSDT,[],67.38,,
5618,1764615643238,XRPUSDT,"[""shooting_star""]",61.07,,
5619,1764616543238,XRPUSDT,"[""doji""]",56.07,,
5620,1764618043238,XRPUSDT,"[""doji""]",67.04,,
5621,1764618943238,XRPUSDT,[],64.8,,
5622,1764619243238,XRPUSDT,"[""bullish_engulfing""]",58.85,,
5623,1764620443238,XRPUSDT,[],71.17,,
5624,1764621043238,XRPUSDT,[],56.59,,
5625,1764621643238,XRPUSDT,"[""bearish_engulfing""]",60.74,,
5626,1764621943238,XRPUSDT,[],58.06,,
5627,1764622243238,XRPUSDT,[],56.4,,
5628,1764622543238,XRPUSDT,"[""doji""]",59.1,,
5629,1764623743238,XRPUSDT,[],58.83,,
5630,1764624043238,XRPUSDT,[],67.45,,
5631,1764624343238,XRPUSDT,[],64.35,,
5632,1764625243238,XRPUSDT,[],58.12,,
5633,1764626743238,XRPUSDT,"[""doji""]",69.38,,
5634,1764627043238,XRPUSDT,[],62.82,,
5635,1764628843238,XRPUSDT,[],65.41,,
5636,1764630943238,XRPUSDT,[],58.03,,
5637,1764632143238,XRPUSDT,[],60.95,,
5638,1764632743238,XRPUSDT,[],57.79,,
5639,1764634243238,XRPUSDT,"[""bullish_engulfing""]",63.68,,
5640,1764634843238,XRPUSDT,[],62.94,,
5641,1764636043238,XRPUSDT,[],61.14,,
5642,1764636343238,XRPUSDT,"[""shooting_star""]",72.35,,
5643,1764636943238,XRPUSDT,[],63.65,,
5644,1764637243238,XRPUSDT,[],63.88,,
5645,1764637543238,XRPUSDT,[],62.98,,
5646,1764638143238,XRPUSDT,"[""bearish_engulfing""]",68.36,,
5647,1764639943238,XRPUSDT,"[""doji"", ""shooting_star""]",64.29,,
5648,1764640843238,XRPUSDT,[],59.31,,
5649,1764641743238,XRPUSDT,[],62.73,,
5650,1764642643238,XRPUSDT,[],67.82,,
5651,1764643843238,XRPUSDT,"[""doji""]",56.94,,
5652,1764645343238,XRPUSDT,[],62.6,,
5653,1764647143238,XRPUSDT,"[""bearish_engulfing""]",68.75,,
5654,1764648343238,XRPUSDT,[],69.07,,
5655,1764650143238,XRPUSDT,"[""shooting_star""]",60.97,,
5656,1764651043238,XRPUSDT,"[""doji"", ""shooting_star""]",73.11,,
5657,1764651943238,XRPUSDT,[],58.72,,
5658,1764653743238,XRPUSDT,[],57.25,,
5659,1764654343238,XRPUSDT,"[""shooting_star""]",62.78,,
5660,1764654943238,XRPUSDT,[],59.89,,
5661,1764655543238,XRPUSDT,[],60.17,,
5662,1764657043238,XRPUSDT,"[""doji""]",74.52,,
5663,1764657643238,XRPUSDT,[],64.56,,
5664,1764657943238,XRPUSDT,[],63.56,,
5665,1764658243238,XRPUSDT,"[""doji"", ""shooting_star""]",62.78,,
5666,1764659443238,XRPUSDT,"[""shooting_star""]",58.19,,
5667,1764659743238,XRPUSDT,"[""shooting_star""]",56.82,,
5668,1764660043238,XRPUSDT,"[""shooting_star""]",59.32,,
5669,1764660343238,XRPUSDT,[],56.55,,
5670,1764660643238,XRPUSDT,"[""doji""]",56.12,,
5671,1764663043238,XRPUSDT,[],56.2,,
5672,1764663343238,XRPUSDT,"[""doji"", ""shooting_star""]",61.77,,
5673,1764663643238,XRPUSDT,[],61.59,,
5674,1764664543238,XRPUSDT,"[""doji""]",61.94,,
5675,1764664843238,XRPUSDT,[],64.93,,
5676,1764665743238,XRPUSDT,[],60.79,,
5677,1764666643238,XRPUSDT,[],67.49,,
5678,1764666943238,XRPUSDT,[],62.21,,
5679,1764667243238,XRPUSDT,"[""bullish_engulfing""]",61.19,,
5680,1764667543238,XRPUSDT,[],63.06,,
5681,1764667843238,XRPUSDT,[],65.77,,
5682,1764668143238,XRPUSDT,[],61.41,,
5683,1764668443238,XRPUSDT,[],57.53,,
5684,1764671143238,XRPUSDT,[],57.72,,
5685,1764672043238,XRPUSDT,[],58.18,,
5686,1764672643238,XRPUSDT,[],58.45,,
5687,1764673243238,XRPUSDT,[],69.34,,
5688,1764674443238,XRPUSDT,[],69.1,,
5689,1764674743238,XRPUSDT,"[""doji""]",57.23,,
5690,1764675043238,XRPUSDT,[],62.62,,
5691,1764675343238,XRPUSDT,[],66.61,,
5692,1764675643238,XRPUSDT,"[""doji""]",65.57,,
5693,1764676243238,XRPUSDT,"[""bearish_engulfing""]",65.97,,
5694,1764676543238,XRPUSDT,[],61.84,,
5695,1764676843238,XRPUSDT,[],68.53,,
5696,1764677143238,XRPUSDT,"[""bearish_engulfing""]",57.5,,
5697,1764678343238,XRPUSDT,[],62.01,,
5698,1764678643238,XRPUSDT,[],62.88,,
5699,1764680743238,XRPUSDT,[],65.38,,
5700,1764681343238,XRPUSDT,[],60.71,,
5701,1764681643238,XRPUSDT,[],57.46,,
5702,1764681943238,XRPUSDT,[],71.76,,
5703,1764682543238,XRPUSDT,"[""bullish_engulfing""]",58.1,,
5704,1764682843238,XRPUSDT,"[""shooting_star""]",61.52,,
5705,1764683143238,XRPUSDT,"[""doji""]",61.88,,
5706,1764683443238,XRPUSDT,"[""bearish_engulfing""]",59.59,,
5707,1764683743238,XRPUSDT,[],57.48,,
5708,1764684043238,XRPUSDT,[],66.84,,
5709,1764684643238,XRPUSDT,[],66.74,,
5710,1764685243238,XRPUSDT,[],60.97,,
5711,1764685843238,XRPUSDT,[],68.76,,
5712,1764686743238,XRPUSDT,[],68.9,,
5713,1764688843238,XRPUSDT,[],61.29,,
5714,1764689443238,XRPUSDT,"[""bullish_engulfing""]",58.59,,
5715,1764690343238,XRPUSDT,[],73.27,,
5716,1764691843238,XRPUSDT,"[""doji"", ""shooting_star""]",61.58,,
5717,1764692143238,XRPUSDT,[],60.0,,
5718,1764694543238,XRPUSDT,[],60.6,,
5719,1764694843238,XRPUSDT,[],71.28,,
5720,1764695143238,XRPUSDT,[],63.25,,
5721,1764695743238,XRPUSDT,"[""doji"", ""shooting_star""]",64.06,,
5722,1764696043238,XRPUSDT,[],57.86,,
5723,1764696343238,XRPUSDT,"[""shooting_star""]",63.47,,
5724,1764697543238,XRPUSDT,"[""doji""]",67.28,,
5725,1764697843238,XRPUSDT,"[""shooting_star""]",56.02,,
5726,1764699943238,XRPUSDT,[],57.62,,
5727,1764700243238,XRPUSDT,[],58.1,,
5728,1764702343238,XRPUSDT,"[""bearish_engulfing""]",59.75,,
5729,1764704443238,XRPUSDT,[],59.98,,
5730,1764705943238,XRPUSDT,"[""doji""]",64.82,,
5731,1764707743238,XRPUSDT,"[""doji""]",57.78,,
5732,1764709243238,XRPUSDT,[],58.06,,
5733,1764710143238,XRPUSDT,"[""doji"", ""shooting_star""]",59.47,,
5734,1764710443238,XRPUSDT,"[""doji""]",58.14,,
5735,1764711043238,XRPUSDT,"[""doji""]",56.96,,
5736,1764711943238,XRPUSDT,[],60.35,,
5737,1764712243238,XRPUSDT,[],56.29,,
5738,1764712843238,XRPUSDT,[],65.39,,
5739,1764713443238,XRPUSDT,[],57.38,,
5740,1764713743238,XRPUSDT,"[""shooting_star""]",60.1,,
5741,1764714043238,XRPUSDT,"[""doji""]",61.06,,
5742,1764714343238,XRPUSDT,"[""doji"", ""shooting_star""]",58.94,,
5743,1764714643238,XRPUSDT,[],62.35,,
5744,1764716443238,XRPUSDT,[],76.45,,
5745,1764716743238,XRPUSDT,[],63.05,,
5746,1764717343238,XRPUSDT,[],64.6,,
5747,1764717943238,XRPUSDT,[],62.74,,
5748,1764718243238,XRPUSDT,[],59.49,,
5749,1764718543238,XRPUSDT,[],60.14,,
5750,1764718843238,XRPUSDT,[],57.29,,
5751,1764719743238,XRPUSDT,"[""doji""]",61.77,,
5752,1764720043238,XRPUSDT,[],67.18,,
5753,1764720343238,XRPUSDT,[],67.34,,
5754,1764720643238,XRPUSDT,"[""doji"", ""shooting_star""]",57.62,,
5755,1764721243238,XRPUSDT,"[""bearish_engulfing"", ""shooting_star""]",57.52,,
5756,1764722443238,XRPUSDT,[],58.94,,
5757,1764723643238,XRPUSDT,[],64.61,,
5758,1764724543238,XRPUSDT,[],60.14,,
5759,1764724843238,XRPUSDT,"[""doji"", ""shooting_star""]",56.39,,
5760,1764725143238,XRPUSDT,"[""bullish_engulfing""]",66.64,,
5761,1764725443238,XRPUSDT,[],61.6,,
5762,1764726643238,XRPUSDT,[],60.11,,
5763,1764727843238,XRPUSDT,[],59.0,,
5764,1764731743238,XRPUSDT,"[""bearish_engulfing""]",57.42,,
5765,1764734443238,XRPUSDT,"[""doji""]",61.57,,
5766,1764735043238,XRPUSDT,[],60.64,,
5767,1764735343238,XRPUSDT,[],56.08,,
5768,1764735643238,XRPUSDT,"[""doji""]",58.59,,
5769,1764737143238,XRPUSDT,"[""doji""]",58.34,,
5770,1764738043238,XRPUSDT,[],65.24,,
5771,1764739843238,XRPUSDT,[],57.03,,
5772,1764741043238,XRPUSDT,"[""shooting_star""]",57.08,,
5773,1764741343238,XRPUSDT,"[""shooting_star""]",65.74,,
5774,1764742543238,XRPUSDT,[],67.98,,
5775,1764744343238,XRPUSDT,[],58.22,,
5776,1764746143238,XRPUSDT,[],59.55,,
5777,1764747643238,XRPUSDT,[],57.8,,
5778,1764747943238,XRPUSDT,[],64.42,,
5779,1764750043238,XRPUSDT,[],63.26,,
5780,1764750643238,XRPUSDT,[],65.46,,
5781,1764751543238,XRPUSDT,[],58.36,,
5782,1764752143238,XRPUSDT,[],63.85,,
5783,1764753043238,XRPUSDT,"[""doji""]",65.05,,
5784,1764754243238,XRPUSDT,"[""bearish_engulfing""]",60.13,,
5785,1764754843238,XRPUSDT,[],60.72,,
5786,1764755143238,XRPUSDT,[],56.75,,
5787,1764756043238,XRPUSDT,[],60.6,,
5788,1764758143238,XRPUSDT,[],64.39,,
5789,1764759943238,XRPUSDT,"[""bullish_engulfing""]",59.72,,
5790,1764760243238,XRPUSDT,[],59.28,,
5791,1764762643238,XRPUSDT,"[""doji""]",56.32,,
5792,1764762943238,XRPUSDT,"[""bullish_engulfing""]",59.3,,
5793,1764763843238,XRPUSDT,"[""shooting_star""]",57.62,,
5794,1764765643238,XRPUSDT,[],60.02,,
5795,1764765943238,XRPUSDT,[],63.0,,
5796,1764768343238,XRPUSDT,"[""shooting_star""]",60.37,,
5797,1764770143238,XRPUSDT,[],58.54,,
5798,1764770743238,XRPUSDT,[],61.84,,
5799,1764772243238,XRPUSDT,"[""bearish_engulfing""]",58.24,,
5800,1764775843238,XRPUSDT,[],59.19,,
5801,1764776743238,XRPUSDT,[],57.75,,
5802,1764777043238,XRPUSDT,[],63.94,,
5803,1764777643238,XRPUSDT,[],57.87,,
5804,1764777943238,XRPUSDT,"[""doji""]",63.88,,
5805,1764778243238,XRPUSDT,"[""doji""]",57.58,,
5806,1764778543238,XRPUSDT,[],63.48,,
5807,1764779743238,XRPUSDT,"[""bullish_engulfing""]",60.41,,
5808,1764780043238,XRPUSDT,[],58.69,,
5809,1764783043238,XRPUSDT,[],56.09,,
5810,1764784543238,XRPUSDT,"[""doji""]",60.48,,
5811,1764785743238,XRPUSDT,[],60.3,,
5812,1764786043238,XRPUSDT,[],57.08,,
5813,1764786943238,XRPUSDT,[],60.36,,
5814,1764789943238,XRPUSDT,[],58.77,,
5815,1764792043238,XRPUSDT,[],56.28,,
5816,1764793843238,XRPUSDT,[],60.66,,
5817,1764794743238,XRPUSDT,[],66.03,,
5818,1764795043238,XRPUSDT,"[""doji""]",60.61,,
5819,1764797743238,XRPUSDT,[],59.9,,
5820,1764799843238,XRPUSDT,"[""shooting_star""]",64.45,,
5821,1764800443238,XRPUSDT,"[""doji"", ""shooting_star""]",60.54,,
5822,1764800743238,XRPUSDT,[],58.79,,
5823,1764801043238,XRPUSDT,[],56.96,,
5824,1764801343238,XRPUSDT,"[""doji""]",57.28,,
5825,1764803743238,XRPUSDT,"[""doji""]",61.29,,
5826,1764804643238,XRPUSDT,[],61.98,,
5827,1764805243238,XRPUSDT,[],57.55,,
5828,1764805843238,XRPUSDT,[],67.34,,
5829,1764806143238,XRPUSDT,[],63.06,,
5830,1764806443238,XRPUSDT,"[""doji""]",60.72,,
5831,1764807043238,XRPUSDT,[],57.71,,
5832,1764807343238,XRPUSDT,[],58.63,,
5833,1764807643238,XRPUSDT,[],62.12,,
5834,1764807943238,XRPUSDT,"[""bearish_engulfing""]",61.62,,
5835,1764808543238,XRPUSDT,[],60.54,,
5836,1764809443238,XRPUSDT,[],64.42,,
5837,1764810943238,XRPUSDT,"[""doji"", ""shooting_star""]",57.41,,
5838,1764811543238,XRPUSDT,"[""doji""]",56.45,,
5839,1764814843238,XRPUSDT,"[""doji""]",63.6,,
5840,1764816643238,XRPUSDT,"[""bearish_engulfing""]",59.16,,
5841,1764817243238,XRPUSDT,[],66.46,,
5842,1764817543238,XRPUSDT,[],58.11,,
5843,1764818143238,XRPUSDT,[],56.57,,
5844,1764818443238,XRPUSDT,"[""shooting_star""]",62.13,,
5845,1764819043238,XRPUSDT,[],63.8,,
5846,1764821143238,XRPUSDT,[],63.44,,
5847,1764822643238,XRPUSDT,"[""shooting_star""]",59.61,,
5848,1764824443238,XRPUSDT,"[""doji"", ""shooting_star""]",57.37,,
5849,1764825043238,XRPUSDT,[],60.25,,
5850,1764827143238,XRPUSDT,[],59.03,,
5851,1764827443238,XRPUSDT,[],61.3,,
5852,1764829243238,XRPUSDT,[],59.76,,
5853,1764830143238,XRPUSDT,"[""shooting_star""]",56.66,,
5854,1764832243238,XRPUSDT,[],62.98,,
5855,1764832843238,XRPUSDT,[],61.72,,
5856,1764833443238,XRPUSDT,[],62.08,,
5857,1764833743238,XRPUSDT,[],56.21,,
5858,1764834343238,XRPUSDT,"[""doji"", ""shooting_star""]",56.15,,
5859,1764835543238,XRPUSDT,[],57.95,,
5860,1764836143238,XRPUSDT,[],64.96,,
5861,1764837043238,XRPUSDT,[],67.7,,
5862,1764837343238,XRPUSDT,[],58.61,,
5863,1764837643238,XRPUSDT,[],57.75,,
5864,1764840343238,XRPUSDT,[],60.1,,
5865,1764841243238,XRPUSDT,[],62.01,,
5866,1764843043238,XRPUSDT,[],56.24,,
5867,1764843343238,XRPUSDT,[],56.14,,
5868,1764843643238,XRPUSDT,"[""doji"", ""shooting_star""]",66.53,,
5869,1764843943238,XRPUSDT,"[""shooting_star""]",64.26,,
5870,1764844543238,XRPUSDT,[],60.84,,
5871,1764845443238,XRPUSDT,[],69.34,,
5872,1764846043238,XRPUSDT,[],60.05,,
5873,1764846343238,XRPUSDT,"[""bearish_engulfing""]",57.29,,
5874,1764846943238,XRPUSDT,[],64.47,,
5875,1764847243238,XRPUSDT,[],71.02,,
5876,1764847543238,XRPUSDT,"[""bearish_engulfing""]",57.31,,
5877,1764847843238,XRPUSDT,[],62.67,,
5878,1764848143238,XRPUSDT,[],61.8,,
5879,1764851143238,XRPUSDT,"[""doji"", ""shooting_star""]",64.43,,
5880,1764853243238,XRPUSDT,[],59.76,,
5881,1764853543238,XRPUSDT,"[""doji"", ""shooting_star""]",63.11,,
5882,1764855943238,XRPUSDT,[],57.95,,
5883,1764862243238,XRPUSDT,"[""shooting_star""]",57.03,,
5884,1764862843238,XRPUSDT,[],60.13,,
5885,1764863443238,XRPUSDT,"[""doji"", ""shooting_star""]",57.66,,
5886,1764864043238,XRPUSDT,"[""bearish_engulfing"", ""shooting_star""]",58.23,,
5887,1764865843238,XRPUSDT,[],63.86,,
5888,1764867343238,XRPUSDT,[],57.34,,
5889,1764867643238,XRPUSDT,"[""doji""]",56.48,,
5890,1764868543238,XRPUSDT,"[""doji""]",57.03,,
5891,1764869443238,XRPUSDT,[],64.96,,
5892,1764871243238,XRPUSDT,[],66.14,,
5893,1764873643238,XRPUSDT,[],56.7,,
5894,1764875743238,XRPUSDT,[],63.51,,
5895,1764876043238,XRPUSDT,[],78.14,,
5896,1764877543238,XRPUSDT,[],58.06,,
5897,1764878743238,XRPUSDT,[],60.71,,
5898,1764880243238,XRPUSDT,[],61.3,,
5899,1764881143238,XRPUSDT,[],57.12,,
5900,1764881443238,XRPUSDT,[],61.88,,
5901,1764883243238,XRPUSDT,[],56.82,,
5902,1764883843238,XRPUSDT,[],57.71,,
5903,1764884143238,XRPUSDT,"[""bearish_engulfing""]",62.66,,
5904,1764884443238,XRPUSDT,"[""shooting_star""]",64.38,,
5905,1764885043238,XRPUSDT,[],64.09,,
5906,1764885343238,XRPUSDT,[],57.19,,
5907,1764886843238,XRPUSDT,[],61.82,,
5908,1764887443238,XRPUSDT,[],63.96,,
5909,1764887743238,XRPUSDT,[],56.92,,
5910,1764889243238,XRPUSDT,[],58.94,,
5911,1764889843238,XRPUSDT,[],62.6,,
5912,1764890443238,XRPUSDT,"[""bullish_engulfing""]",61.7,,
5913,1764890743238,XRPUSDT,"[""doji""]",62.86,,
5914,1764891343238,XRPUSDT,[],67.05,,
5915,1764892243238,XRPUSDT,[],64.04,,
5916,1764892843238,XRPUSDT,[],64.64,,
5917,1764893143238,XRPUSDT,[],62.62,,
5918,1764893743238,XRPUSDT,[],60.93,,
5919,1764894343238,XRPUSDT,"[""doji""]",61.91,,
5920,1764894943238,XRPUSDT,[],63.8,,
5921,1764895543238,XRPUSDT,[],62.5,,
5922,1764897643238,XRPUSDT,[],60.63,,
5923,1764901243238,XRPUSDT,"[""shooting_star""]",59.78,,
5924,1764903343238,XRPUSDT,[],61.68,,
5925,1764903943238,XRPUSDT,"[""shooting_star""]",60.42,,
5926,1764904243238,XRPUSDT,"[""shooting_star""]",59.12,,
5927,1764905443238,XRPUSDT,"[""bearish_engulfing""]",58.43,,
5928,1764905743238,XRPUSDT,[],61.4,,
5929,1764906043238,XRPUSDT,"[""bearish_engulfing""]",62.19,,
5930,1764908443238,XRPUSDT,"[""doji""]",62.62,,
5931,1764908743238,XRPUSDT,[],61.85,,
5932,1764909943238,XRPUSDT,"[""bearish_engulfing"", ""shooting_star""]",75.46,,
5933,1764910543238,XRPUSDT,[],57.66,,
5934,1764911143238,XRPUSDT,"[""shooting_star""]",60.65,,
5935,1764912343238,XRPUSDT,[],69.96,,
5936,1764913843238,XRPUSDT,"[""bearish_engulfing""]",65.74,,
5937,1764914143238,XRPUSDT,[],58.65,,
5938,1764914743238,XRPUSDT,[],66.68,,
5939,1764915043238,XRPUSDT,"[""doji"", ""shooting_star""]",64.15,,
5940,1764916243238,XRPUSDT,"[""doji""]",59.67,,
5941,1764916543238,XRPUSDT,"[""doji""]",60.49,,
5942,1764917743238,XRPUSDT,"[""shooting_star""]",59.39,,
5943,1764918043238,XRPUSDT,[],61.06,,
5944,1764918343238,XRPUSDT,[],60.87,,
5945,1764918943238,XRPUSDT,[],60.03,,
5946,1764919243238,XRPUSDT,"[""doji""]",60.98,,
5947,1764920143238,XRPUSDT,"[""doji""]",58.65,,
5948,1764920443238,XRPUSDT,[],56.24,,
5949,1764921943238,XRPUSDT,[],59.93,,
5950,1764922243238,XRPUSDT,[],64.73,,
5951,1764922543238,XRPUSDT,[],58.86,,
5952,1764923143238,XRPUSDT,[],60.47,,
5953,1764924043238,XRPUSDT,[],70.65,,
5954,1764924643238,XRPUSDT,[],58.43,,
5955,1764925243238,XRPUSDT,[],61.29,,
5956,1764925543238,XRPUSDT,[],65.78,,
5957,1764925843238,XRPUSDT,"[""shooting_star""]",63.76,,
5958,1764926443238,XRPUSDT,[],72.42,,
5959,1764927343238,XRPUSDT,"[""bullish_engulfing""]",64.48,,
5960,1764927943238,XRPUSDT,"[""doji""]",58.8,,
5961,1764929143238,XRPUSDT,[],66.13,,
5962,1764929743238,XRPUSDT,[],66.73,,
5963,1764930043238,XRPUSDT,"[""doji""]",61.5,,
5964,1764930343238,XRPUSDT,[],67.69,,
5965,1764930943238,XRPUSDT,[],61.77,,
5966,1764932443238,XRPUSDT,"[""bearish_engulfing""]",68.25,,
5967,1764932743238,XRPUSDT,[],62.35,,
5968,1764933043238,XRPUSDT,"[""doji""]",61.62,,
5969,1764933643238,XRPUSDT,[],60.74,,
5970,1764933943238,XRPUSDT,"[""shooting_star""]",63.84,,
5971,1764937243238,XRPUSDT,[],56.08,,
5972,1764937543238,XRPUSDT,[],58.21,,
5973,1764938443238,XRPUSDT,"[""shooting_star""]",59.61,,
5974,1764938743238,XRPUSDT,[],66.46,,
5975,1764939043238,XRPUSDT,"[""bullish_engulfing""]",68.64,,
5976,1764939643238,XRPUSDT,[],62.58,,
5977,1764939943238,XRPUSDT,[],59.49,,
5978,1764940243238,XRPUSDT,[],62.58,,
5979,1764940543238,XRPUSDT,[],56.98,,
5980,1764941143238,XRPUSDT,[],68.28,,
5981,1764942343238,XRPUSDT,[],65.49,,
5982,1764942643238,XRPUSDT,[],59.1,,
5983,1764944443238,XRPUSDT,[],62.77,,
5984,1764944743238,XRPUSDT,[],61.31,,
5985,1764945043238,XRPUSDT,"[""bullish_engulfing""]",67.02,,
5986,1764946843238,XRPUSDT,[],62.75,,
5987,1764948643238,XRPUSDT,[],58.52,,
5988,1764948943238,XRPUSDT,[],63.44,,
5989,1764949243238,XRPUSDT,"[""bearish_engulfing""]",63.32,,
5990,1764949543238,XRPUSDT,[],68.39,,
5991,1764949843238,XRPUSDT,"[""doji""]",65.17,,
5992,1764950143238,XRPUSDT,[],58.55,,
5993,1764950743238,XRPUSDT,[],61.45,,
5994,1764952243238,XRPUSDT,[],64.99,,
5995,1764952543238,XRPUSDT,"[""doji"", ""shooting_star""]",60.6,,
5996,1764952843238,XRPUSDT,[],68.29,,
5997,1764956143238,XRPUSDT,[],57.48,,
5998,1764957643238,XRPUSDT,"[""shooting_star""]",67.08,,
5999,1764958843238,XRPUSDT,[],57.4,,
6000,1764960043238,XRPUSDT,"[""bearish_engulfing""]",60.37,,
6001,1764960943238,XRPUSDT,[],61.21,,
6002,1764961243238,XRPUSDT,"[""bearish_engulfing""]",61.25,,
6003,1764962143238,XRPUSDT,[],67.35,,
6004,1764963343238,XRPUSDT,"[""bullish_engulfing""]",63.08,,
6005,1764963943238,XRPUSDT,[],68.33,,
6006,1764964243238,XRPUSDT,[],60.85,,
6007,1764964843238,XRPUSDT,[],63.57,,
6008,1764965443238,XRPUSDT,[],58.83,,
6009,1764965743238,XRPUSDT,"[""bearish_engulfing""]",57.95,,
6010,1764968743238,XRPUSDT,[],67.47,,
6011,1764969043238,XRPUSDT,"[""bullish_engulfing""]",60.82,,
6012,1764969643238,XRPUSDT,[],61.15,,
6013,1764969943238,XRPUSDT,"[""shooting_star""]",58.45,,
6014,1764970243238,XRPUSDT,[],56.61,,
6015,1764970843238,XRPUSDT,[],61.04,,
6016,1764972043238,XRPUSDT,[],59.64,,
6017,1764972943238,XRPUSDT,[],60.66,,
6018,1764973543238,XRPUSDT,[],61.1,,
6019,1764974443238,XRPUSDT,[],69.21,,
6020,1764975943238,XRPUSDT,[],57.66,,
6021,1764976543238,XRPUSDT,[],60.22,,
6022,1764977443238,XRPUSDT,[],62.33,,
6023,1764978043238,XRPUSDT,[],64.16,,
6024,1764978643238,XRPUSDT,"[""doji""]",61.31,,
6025,1764979243238,XRPUSDT,[],57.0,,
6026,1764979543238,XRPUSDT,[],58.24,,
6027,1764979843238,XRPUSDT,[],72.39,,
6028,1764983443238,XRPUSDT,"[""doji""]",64.23,,
6029,1764983743238,XRPUSDT,[],60.22,,
6030,1764984943238,XRPUSDT,[],63.13,,
6031,1764986443238,XRPUSDT,"[""doji""]",67.47,,
6032,1764986743238,XRPUSDT,[],56.28,,
6033,1764987043238,XRPUSDT,[],58.14,,
6034,1764987643238,XRPUSDT,"[""bullish_engulfing""]",62.13,,
6035,1764987943238,XRPUSDT,"[""bearish_engulfing""]",65.36,,
6036,1764989743238,XRPUSDT,[],66.26,,
6037,1764990043238,XRPUSDT,[],64.55,,
6038,1764991243238,XRPUSDT,[],61.67,,
6039,1764992143238,XRPUSDT,[],56.24,,
6040,1764992443238,XRPUSDT,[],64.39,,
6041,1764993343238,XRPUSDT,"[""doji""]",61.85,,
6042,1764993643238,XRPUSDT,"[""bearish_engulfing""]",69.82,,
6043,1764994243238,XRPUSDT,[],58.39,,
6044,1764995143238,XRPUSDT,[],59.9,,
6045,1764996043238,XRPUSDT,[],58.8,,
6046,1764996343238,XRPUSDT,[],67.05,,
6047,1764996943238,XRPUSDT,[],65.47,,
6048,1764997243238,XRPUSDT,"[""bullish_engulfing""]",62.87,,
6049,1764998743238,XRPUSDT,[],58.14,,
6050,1764999043238,XRPUSDT,[],56.26,,
6051,1764999643238,XRPUSDT,[],61.34,,
6052,1764999943238,XRPUSDT,"[""shooting_star""]",58.69,,
6053,1765000543238,XRPUSDT,[],63.79,,
6054,1765000843238,XRPUSDT,[],64.9,,
6055,1765001143238,XRPUSDT,[],66.64,,
6056,1765001443238,XRPUSDT,[],60.52,,
6057,1765002043238,XRPUSDT,[],61.68,,
6058,1765002643238,XRPUSDT,[],61.38,,
6059,1765003543238,XRPUSDT,"[""bullish_engulfing""]",60.18,,
6060,1765005043238,XRPUSDT,[],56.39,,
6061,1765005943238,XRPUSDT,[],59.68,,
6062,1765007743238,XRPUSDT,[],59.18,,
6063,1765008643238,XRPUSDT,[],63.83,,
6064,1765009243238,XRPUSDT,[],57.06,,
6065,1765010443238,XRPUSDT,[],61.04,,
6066,1765011643238,XRPUSDT,[],57.52,,
6067,1765011943238,XRPUSDT,[],63.48,,
6068,1765013143238,XRPUSDT,[],64.94,,
6069,1765013443238,XRPUSDT,[],57.88,,
6070,1765016143238,XRPUSDT,[],61.12,,
6071,1765016443238,XRPUSDT,[],61.69,,
6072,1765016743238,XRPUSDT,[],68.39,,
6073,1765017043238,XRPUSDT,"[""doji""]",59.46,,
6074,1765017643238,XRPUSDT,[],62.21,,
6075,1765018243238,XRPUSDT,[],59.94,,
6076,1765018843238,XRPUSDT,[],63.25,,
6077,1765019443238,XRPUSDT,[],71.49,,
6078,1765019743238,XRPUSDT,[],62.62,,
6079,1765020343238,XRPUSDT,[],65.17,,
6080,1765020943238,XRPUSDT,[],64.5,,
6081,1765021243238,XRPUSDT,[],60.45,,
6082,1765021843238,XRPUSDT,[],60.79,,
6083,1765022443238,XRPUSDT,"[""doji""]",59.63,,
6084,1765023043238,XRPUSDT,[],61.75,,
6085,1765023943238,XRPUSDT,[],62.79,,
6086,1765024843238,XRPUSDT,"[""bearish_engulfing""]",62.47,,
6087,1765025143238,XRPUSDT,[],61.94,,
6088,1765026943238,XRPUSDT,[],63.12,,
6089,1765027843238,XRPUSDT,"[""shooting_star""]",59.35,,
6090,1765028143238,XRPUSDT,[],61.44,,
6091,1765028743238,XRPUSDT,"[""doji""]",57.79,,
6092,1765029343238,XRPUSDT,[],56.14,,
6093,1765031743238,XRPUSDT,"[""shooting_star""]",62.33,,
6094,1765032043238,XRPUSDT,"[""bearish_engulfing""]",59.39,,
6095,1765032343238,XRPUSDT,[],64.68,,
6096,1765032643238,XRPUSDT,[],61.79,,
6097,1765034143238,XRPUSDT,[],62.1,,
6098,1765036843238,XRPUSDT,[],57.95,,
6099,1765038043238,XRPUSDT,"[""doji""]",59.11,,
6100,1765040143238,XRPUSDT,"[""doji""]",66.07,,
6101,1765040743238,XRPUSDT,"[""shooting_star""]",59.61,,
6102,1765041043238,XRPUSDT,[],56.39,,
6103,1765041343238,XRPUSDT,[],56.21,,
6104,1765042543238,XRPUSDT,"[""doji""]",58.97,,
6105,1765043143238,XRPUSDT,[],58.9,,
6106,1765044943238,XRPUSDT,[],61.33,,
6107,1765045243238,XRPUSDT,[],61.43,,
6108,1765045843238,XRPUSDT,[],67.11,,
6109,1765046143238,XRPUSDT,"[""bearish_engulfing""]",62.47,,
6110,1765046443238,XRPUSDT,[],56.42,,
6111,1765046743238,XRPUSDT,"[""doji""]",64.48,,
6112,1765049443238,XRPUSDT,"[""bearish_engulfing""]",62.37,,
6113,1765050643238,XRPUSDT,"[""bearish_engulfing""]",57.18,,
6114,1765050943238,XRPUSDT,[],62.43,,
6115,1765051243238,XRPUSDT,[],64.55,,
6116,1765051543238,XRPUSDT,[],64.36,,
6117,1765052443238,XRPUSDT,[],71.51,,
6118,1765053643238,XRPUSDT,[],56.06,,
6119,1765054843238,XRPUSDT,[],56.62,,
6120,1765055443238,XRPUSDT,"[""doji""]",60.65,,
6121,1765057543238,XRPUSDT,"[""doji"", ""shooting_star""]",59.97,,
6122,1765058443238,XRPUSDT,[],57.94,,
6123,1765059343238,XRPUSDT,"[""bearish_engulfing""]",62.94,,
6124,1765059943238,XRPUSDT,[],61.34,,
6125,1765061743238,XRPUSDT,"[""doji""]",56.0,,
6126,1765063243238,XRPUSDT,[],67.32,,
6127,1765063543238,XRPUSDT,[],60.75,,
6128,1765064743238,XRPUSDT,[],67.37,,
6129,1765065343238,XRPUSDT,[],65.37,,
6130,1765065643238,XRPUSDT,[],62.01,,
6131,1765067743238,XRPUSDT,[],69.85,,
6132,1765069843238,XRPUSDT,[],58.16,,
6133,1765070743238,XRPUSDT,[],66.47,,
6134,1765073743238,XRPUSDT,[],59.49,,
6135,1765074043238,XRPUSDT,[],64.2,,
6136,1765074343238,XRPUSDT,[],67.93,,
6137,1765075543238,XRPUSDT,"[""bearish_engulfing""]",67.62,,
6138,1765076443238,XRPUSDT,[],56.61,,
6139,1765077943238,XRPUSDT,[],65.96,,
6140,1765078543238,XRPUSDT,[],61.75,,
6141,1765079143238,XRPUSDT,"[""doji""]",59.4,,
6142,1765080043238,XRPUSDT,[],56.39,,
6143,1765080343238,XRPUSDT,"[""doji""]",57.36,,
6144,1765080643238,XRPUSDT,"[""doji""]",61.81,,
6145,1765081843238,XRPUSDT,"[""doji""]",61.87,,
6146,1765082443238,XRPUSDT,[],58.34,,
6147,1765083043238,XRPUSDT,[],58.63,,
6148,1765083343238,XRPUSDT,[],58.12,,
6149,1765083943238,XRPUSDT,"[""doji""]",63.15,,
6150,1765085143238,XRPUSDT,[],61.2,,
6151,1765085443238,XRPUSDT,[],61.37,,
6152,1765085743238,XRPUSDT,[],63.75,,
6153,1765087243238,XRPUSDT,"[""shooting_star""]",60.2,,
6154,1765087543238,XRPUSDT,[],57.8,,
6155,1765088143238,XRPUSDT,"[""doji""]",67.54,,
6156,1765088443238,XRPUSDT,[],64.43,,
6157,1765089043238,XRPUSDT,[],60.77,,
6158,1765090243238,XRPUSDT,[],57.29,,
6159,1765090843238,XRPUSDT,"[""bullish_engulfing""]",57.44,,
6160,1765091143238,XRPUSDT,"[""shooting_star""]",62.46,,
6161,1765091443238,XRPUSDT,[],56.38,,
6162,1765092043238,XRPUSDT,"[""bullish_engulfing""]",56.13,,
6163,1765092343238,XRPUSDT,[],64.72,,
6164,1765093543238,XRPUSDT,[],58.5,,
6165,1765095343238,XRPUSDT,"[""bearish_engulfing""]",59.8,,
6166,1765095943238,XRPUSDT,"[""shooting_star""]",69.6,,
6167,1765098343238,XRPUSDT,"[""doji""]",56.72,,
6168,1765098943238,XRPUSDT,[],61.3,,
6169,1765099843238,XRPUSDT,[],56.58,,
6170,1765101643238,XRPUSDT,"[""doji""]",61.82,,
6171,1765101943238,XRPUSDT,"[""doji""]",64.95,,
6172,1765102243238,XRPUSDT,[],64.02,,
6173,1765103143238,XRPUSDT,[],63.9,,
6174,1765104043238,XRPUSDT,[],63.41,,
6175,1765105243238,XRPUSDT,[],59.34,,
6176,1765105843238,XRPUSDT,[],57.31,,
6177,1765106143238,XRPUSDT,"[""doji""]",56.19,,
6178,1765106443238,XRPUSDT,[],61.85,,
6179,1765106743238,XRPUSDT,"[""doji""]",66.76,,
6180,1765107043238,XRPUSDT,[],68.82,,
6181,1765107643238,XRPUSDT,[],59.5,,
6182,1765110643238,XRPUSDT,[],67.22,,
6183,1765111243238,XRPUSDT,[],63.33,,
6184,1765111543238,XRPUSDT,[],59.79,,
6185,1765112143238,XRPUSDT,"[""bearish_engulfing""]",56.83,,
6186,1765112743238,XRPUSDT,[],61.64,,
6187,1765113043238,XRPUSDT,[],58.76,,
6188,1765113343238,XRPUSDT,"[""shooting_star""]",56.13,,
6189,1765116343238,XRPUSDT,[],65.47,,
6190,1765116943238,XRPUSDT,"[""doji""]",57.52,,
6191,1765119343238,XRPUSDT,[],67.63,,
6192,1765119643238,XRPUSDT,[],57.73,,
6193,1765120243238,XRPUSDT,"[""shooting_star""]",68.41,,
6194,1765121443238,XRPUSDT,"[""bullish_engulfing""]",61.75,,
6195,1765122043238,XRPUSDT,"[""shooting_star""]",67.8,,
6196,1765122343238,XRPUSDT,"[""doji""]",62.38,,
6197,1765124143238,XRPUSDT,[],59.78,,
6198,1765125343238,XRPUSDT,"[""doji""]",60.34,,
6199,1765126243238,XRPUSDT,"[""bullish_engulfing""]",81.26,,
6200,1765126843238,XRPUSDT,[],63.26,,
6201,1765127443238,XRPUSDT,[],75.05,,
6202,1765127743238,XRPUSDT,[],60.93,,
6203,1765128643238,XRPUSDT,[],61.33,,
6204,1765129543238,XRPUSDT,"[""shooting_star""]",61.65,,
6205,1765130143238,XRPUSDT,"[""doji""]",58.45,,
6206,1765130443238,XRPUSDT,[],57.37,,
6207,1765130743238,XRPUSDT,"[""bearish_engulfing""]",62.48,,
6208,1765134043238,XRPUSDT,[],58.33,,
6209,1765134343238,XRPUSDT,[],61.33,,
6210,1765134643238,XRPUSDT,[],56.95,,
6211,1765135243238,XRPUSDT,"[""shooting_star""]",60.69,,
6212,1765135543238,XRPUSDT,[],63.53,,
6213,1765135843238,XRPUSDT,"[""shooting_star""]",61.01,,
6214,1765137643238,XRPUSDT,"[""shooting_star""]",60.0,,
6215,1765137943238,XRPUSDT,[],58.25,,
6216,1765140343238,XRPUSDT,"[""doji""]",61.28,,
6217,1765140643238,XRPUSDT,[],69.66,,
6218,1765140943238,XRPUSDT,[],63.33,,
6219,1765141243238,XRPUSDT,[],59.06,,
6220,1765141843238,XRPUSDT,"[""shooting_star""]",65.4,,
6221,1765143943238,XRPUSDT,"[""bearish_engulfing""]",57.99,,
6222,1765144543238,XRPUSDT,"[""shooting_star""]",59.69,,
6223,1765145743238,XRPUSDT,"[""doji""]",63.13,,
6224,1765146643238,XRPUSDT,"[""doji""]",59.48,,
6225,1765148143238,XRPUSDT,[],62.03,,
6226,1765148743238,XRPUSDT,[],56.74,,
6227,1765150843238,XRPUSDT,"[""bearish_engulfing""]",66.93,,
6228,1765152343238,XRPUSDT,[],68.72,,
6229,1765152643238,XRPUSDT,[],72.01,,
6230,1765153243238,XRPUSDT,"[""bullish_engulfing""]",57.7,,
6231,1765154143238,XRPUSDT,[],56.93,,
6232,1765155943238,XRPUSDT,[],60.81,,
6233,1765156243238,XRPUSDT,[],60.41,,
6234,1765156543238,XRPUSDT,[],64.66,,
6235,1765158643238,XRPUSDT,"[""shooting_star""]",59.42,,
6236,1765158943238,XRPUSDT,"[""shooting_star""]",67.58,,
6237,1765160143238,XRPUSDT,"[""shooting_star""]",57.46,,
6238,1765162843238,XRPUSDT,[],65.77,,
6239,1765163443238,XRPUSDT,"[""doji""]",65.3,,
6240,1765164343238,XRPUSDT,"[""bullish_engulfing""]",64.24,,
6241,1765165243238,XRPUSDT,[],61.71,,
6242,1765166443238,XRPUSDT,[],64.59,,
6243,1765167043238,XRPUSDT,[],59.71,,
6244,1765167343238,XRPUSDT,[],69.01,,
6245,1765167643238,XRPUSDT,"[""doji""]",57.57,,
6246,1765168243238,XRPUSDT,[],68.35,,
6247,1765168843238,XRPUSDT,[],69.2,,
6248,1765170643238,XRPUSDT,[],59.51,,
6249,1765171243238,XRPUSDT,[],62.29,,
6250,1765171543238,XRPUSDT,[],58.95,,
6251,1765171843238,XRPUSDT,[],67.84,,
6252,1765172743238,XRPUSDT,[],58.96,,
6253,1765173943238,XRPUSDT,[],62.95,,
6254,1765174243238,XRPUSDT,[],68.48,,
6255,1765174543238,XRPUSDT,[],57.71,,
6256,1765176343238,XRPUSDT,[],67.31,,
6257,1765176643238,XRPUSDT,[],59.86,,
6258,1765177243238,XRPUSDT,"[""doji""]",61.09,,
6259,1765177843238,XRPUSDT,[],66.15,,
6260,1765178443238,XRPUSDT,"[""doji""]",58.62,,
6261,1765178743238,XRPUSDT,"[""shooting_star""]",62.26,,
6262,1765179043238,XRPUSDT,[],58.21,,
6263,1765179343238,XRPUSDT,[],67.17,,
6264,1765180243238,XRPUSDT,[],69.0,,
6265,1765182643238,XRPUSDT,"[""doji""]",62.36,,
6266,1765182943238,XRPUSDT,[],61.43,,
6267,1765183543238,XRPUSDT,[],61.89,,
6268,1765183843238,XRPUSDT,[],68.16,,
6269,1765184143238,XRPUSDT,[],67.56,,
6270,1765185043238,XRPUSDT,[],59.45,,
6271,1765187143238,XRPUSDT,[],66.72,,
6272,1765188343238,XRPUSDT,[],57.27,,
6273,1765189843238,XRPUSDT,[],65.95,,
6274,1765190743238,XRPUSDT,"[""doji""]",56.68,,
6275,1765191643238,XRPUSDT,"[""doji"", ""shooting_star""]",61.49,,
6276,1765191943238,XRPUSDT,"[""shooting_star""]",59.64,,
6277,1765192243238,XRPUSDT,[],62.74,,
6278,1765193743238,XRPUSDT,[],63.45,,
6279,1765195543238,XRPUSDT,[],63.56,,
6280,1765195843238,XRPUSDT,[],61.26,,
6281,1765196443238,XRPUSDT,[],59.98,,
6282,1765198843238,XRPUSDT,[],66.52,,
6283,1765199743238,XRPUSDT,[],62.4,,
6284,1765200043238,XRPUSDT,"[""bullish_engulfing""]",61.88,,
6285,1765200643238,XRPUSDT,"[""doji""]",61.56,,
6286,1765201243238,XRPUSDT,[],69.7,,
6287,1765201543238,XRPUSDT,[],56.58,,
6288,1765201843238,XRPUSDT,"[""doji""]",65.04,,
6289,1765202143238,XRPUSDT,[],60.18,,
6290,1765202443238,XRPUSDT,[],64.72,,
6291,1765203343238,XRPUSDT,[],58.47,,
6292,1765203643238,XRPUSDT,"[""shooting_star""]",56.11,,
6293,1765203943238,XRPUSDT,[],60.67,,
6294,1765204243238,XRPUSDT,"[""doji""]",59.08,,
6295,1765206043238,XRPUSDT,[],66.53,,
6296,1765206943238,XRPUSDT,[],62.52,,
6297,1765207543238,XRPUSDT,[],65.76,,
6298,1765208443238,XRPUSDT,[],66.58,,
6299,1765209343238,XRPUSDT,"[""doji""]",59.17,,
6300,1765209643238,XRPUSDT,[],63.58,,
6301,1765209943238,XRPUSDT,[],60.43,,
6302,1765210843238,XRPUSDT,[],64.54,,
6303,1765211443238,XRPUSDT,[],59.93,,
6304,1765213543238,XRPUSDT,[],58.93,,
6305,1765215043238,XRPUSDT,[],63.2,,
6306,1765216843238,XRPUSDT,[],59.37,,
6307,1765218643238,XRPUSDT,[],62.83,,
6308,1765218943238,XRPUSDT,[],69.12,,
6309,1765219543238,XRPUSDT,[],68.53,,
6310,1765220443238,XRPUSDT,[],56.02,,
6311,1765220743238,XRPUSDT,[],57.81,,
6312,1765221643238,XRPUSDT,"[""doji""]",58.82,,
6313,1765221943238,XRPUSDT,[],66.21,,
6314,1765222243238,XRPUSDT,[],67.65,,
6315,1765223143238,XRPUSDT,"[""shooting_star""]",57.52,,
6316,1765223443238,XRPUSDT,[],59.77,,
6317,1765223743238,XRPUSDT,[],65.18,,
6318,1765224043238,XRPUSDT,[],63.36,,
6319,1765224343238,XRPUSDT,[],65.95,,
6320,1765224643238,XRPUSDT,[],67.54,,
6321,1765226143238,XRPUSDT,"[""doji"", ""shooting_star""]",60.08,,
6322,1765227043238,XRPUSDT,[],69.52,,
6323,1765227343238,XRPUSDT,[],60.55,,
6324,1765227643238,XRPUSDT,"[""bearish_engulfing""]",67.18,,
6325,1765227943238,XRPUSDT,"[""doji""]",57.05,,
6326,1765229143238,XRPUSDT,"[""shooting_star""]",61.53,,
6327,1765229443238,XRPUSDT,[],72.94,,
6328,1765230943238,XRPUSDT,"[""doji""]",58.48,,
6329,1765231243238,XRPUSDT,[],73.92,,
6330,1765231843238,XRPUSDT,[],63.51,,
6331,1765232743238,XRPUSDT,"[""shooting_star""]",59.35,,
6332,1765233343238,XRPUSDT,"[""doji""]",63.69,,
6333,1765234843238,XRPUSDT,[],61.11,,
6334,1765235743238,XRPUSDT,[],61.45,,
6335,1765237543238,XRPUSDT,[],64.45,,
6336,1765238143238,XRPUSDT,[],56.4,,
6337,1765238443238,XRPUSDT,[],58.55,,
6338,1765238743238,XRPUSDT,[],71.75,,
6339,1765239343238,XRPUSDT,[],60.01,,
6340,1765239643238,XRPUSDT,[],60.42,,
6341,1765242343238,XRPUSDT,[],60.16,,
6342,1765242643238,XRPUSDT,[],62.23,,
6343,1765243243238,XRPUSDT,[],61.07,,
6344,1765244143238,XRPUSDT,[],63.45,,
6345,1765244443238,XRPUSDT,[],62.25,,
6346,1765244743238,XRPUSDT,"[""shooting_star""]",59.08,,
6347,1765245043238,XRPUSDT,[],58.7,,
6348,1765245643238,XRPUSDT,[],67.11,,
6349,1765245943238,XRPUSDT,[],61.51,,
6350,1765246243238,XRPUSDT,[],61.8,,
6351,1765247143238,XRPUSDT,"[""doji""]",65.07,,
6352,1765247443238,XRPUSDT,[],57.72,,
6353,1765247743238,XRPUSDT,"[""shooting_star""]",63.5,,
6354,1765248043238,XRPUSDT,[],61.61,,
6355,1765248943238,XRPUSDT,[],58.65,,
6356,1765250443238,XRPUSDT,[],57.48,,
6357,1765250743238,XRPUSDT,[],60.34,,
6358,1765252243238,XRPUSDT,"[""shooting_star""]",64.1,,
6359,1765252843238,XRPUSDT,[],60.66,,
6360,1765253743238,XRPUSDT,"[""shooting_star""]",58.91,,
6361,1765254043238,XRPUSDT,[],59.83,,
6362,1765254643238,XRPUSDT,[],57.48,,
6363,1765258243238,XRPUSDT,[],62.45,,
6364,1765258543238,XRPUSDT,"[""shooting_star""]",61.21,,
6365,1765259143238,XRPUSDT,[],60.99,,
6366,1765260643238,XRPUSDT,"[""shooting_star""]",68.49,,
6367,1765260943238,XRPUSDT,[],60.53,,
6368,1765261543238,XRPUSDT,[],58.24,,
6369,1765261843238,XRPUSDT,[],57.54,,
6370,1765264843238,XRPUSDT,[],68.96,,
6371,1765265143238,XRPUSDT,[],59.54,,
6372,1765266043238,XRPUSDT,[],64.56,,
6373,1765266343238,XRPUSDT,[],61.37,,
6374,1765266643238,XRPUSDT,[],60.08,,
6375,1765267243238,XRPUSDT,[],56.63,,
6376,1765267843238,XRPUSDT,"[""bearish_engulfing""]",58.87,,
6377,1765268743238,XRPUSDT,[],62.74,,
6378,1765270243238,XRPUSDT,[],62.1,,
6379,1765270543238,XRPUSDT,"[""bearish_engulfing""]",73.2,,
6380,1765270843238,XRPUSDT,[],56.87,,
6381,1765272643238,XRPUSDT,"[""doji""]",59.74,,
6382,1765273543238,XRPUSDT,[],63.14,,
6383,1765274443238,XRPUSDT,"[""shooting_star""]",76.37,,
6384,1765275043238,XRPUSDT,[],57.01,,
6385,1765279843238,XRPUSDT,[],61.11,,
6386,1765280143238,XRPUSDT,[],61.49,,
6387,1765280743238,XRPUSDT,[],68.14,,
6388,1765282243238,XRPUSDT,"[""bearish_engulfing""]",65.4,,
6389,1765282543238,XRPUSDT,"[""doji""]",59.64,,
6390,1765284343238,XRPUSDT,[],68.06,,
6391,1765286143238,XRPUSDT,[],58.74,,
6392,1765286443238,XRPUSDT,"[""shooting_star""]",64.03,,
6393,1765287343238,XRPUSDT,[],62.07,,
6394,1765287643238,XRPUSDT,[],68.49,,
6395,1765288543238,XRPUSDT,[],57.07,,
6396,1765288843238,XRPUSDT,[],60.36,,
6397,1765289143238,XRPUSDT,[],62.77,,
6398,1765289443238,XRPUSDT,[],58.64,,
6399,1765289743238,XRPUSDT,[],63.92,,
6400,1765290943238,XRPUSDT,[],62.34,,
6401,1765291543238,XRPUSDT,"[""doji""]",59.31,,
6402,1765292443238,XRPUSDT,"[""doji""]",60.83,,
6403,1765294543238,XRPUSDT,"[""bullish_engulfing""]",56.36,,
6404,1765295443238,XRPUSDT,[],56.41,,
6405,1765296043238,XRPUSDT,[],58.56,,
6406,1765296343238,XRPUSDT,"[""shooting_star""]",66.12,,
6407,1765298143238,XRPUSDT,[],66.06,,
6408,1765298743238,XRPUSDT,[],74.23,,
6409,1765299043238,XRPUSDT,"[""doji""]",68.51,,
6410,1765299643238,XRPUSDT,[],57.43,,
6411,1765299943238,XRPUSDT,[],57.91,,
6412,1765301143238,XRPUSDT,[],60.72,,
6413,1765303243238,XRPUSDT,[],59.85,,
6414,1765303843238,XRPUSDT,[],65.7,,
6415,1765304143238,XRPUSDT,"[""doji""]",62.44,,
6416,1765304443238,XRPUSDT,"[""shooting_star""]",60.73,,
6417,1765305043238,XRPUSDT,"[""shooting_star""]",65.97,,
6418,1765305343238,XRPUSDT,[],64.72,,
6419,1765305643238,XRPUSDT,"[""doji""]",60.11,,
6420,1765306843238,XRPUSDT,"[""bearish_engulfing""]",63.21,,
6421,1765307143238,XRPUSDT,"[""bullish_engulfing""]",56.82,,
6422,1765308043238,XRPUSDT,"[""doji""]",59.58,,
6423,1765310743238,XRPUSDT,"[""doji""]",58.2,,
6424,1765314043238,XRPUSDT,"[""shooting_star""]",57.06,,
6425,1765316143238,XRPUSDT,[],58.15,,
6426,1765317343238,XRPUSDT,[],63.53,,
6427,1765318243238,XRPUSDT,[],57.93,,
6428,1765320343238,XRPUSDT,[],56.53,,
6429,1765324843238,XRPUSDT,[],57.78,,
6430,1765327843238,XRPUSDT,[],62.48,,
6431,1765328743238,XRPUSDT,"[""bearish_engulfing""]",58.15,,
6432,1765329343238,XRPUSDT,[],62.93,,
6433,1765329643238,XRPUSDT,[],62.33,,
6434,1765329943238,XRPUSDT,[],62.49,,
6435,1765330243238,XRPUSDT,[],58.86,,
6436,1765331743238,XRPUSDT,"[""doji""]",59.13,,
6437,1765332043238,XRPUSDT,[],59.48,,
6438,1765332343238,XRPUSDT,"[""doji"", ""shooting_star""]",65.7,,
6439,1765332643238,XRPUSDT,[],57.07,,
6440,1765333543238,XRPUSDT,[],63.03,,
6441,1765334143238,XRPUSDT,[],62.03,,
6442,1765334743238,XRPUSDT,[],56.94,,
6443,1765335343238,XRPUSDT,[],59.6,,
6444,1765335643238,XRPUSDT,[],57.43,,
6445,1765336243238,XRPUSDT,[],67.38,,
6446,1765336543238,XRPUSDT,[],66.09,,
6447,1765336843238,XRPUSDT,[],56.49,,
6448,1765337443238,XRPUSDT,[],63.56,,
6449,1765338643238,XRPUSDT,"[""bearish_engulfing""]",63.11,,
6450,1765339543238,XRPUSDT,[],61.93,,
6451,1765340443238,XRPUSDT,[],64.43,,
6452,1765341043238,XRPUSDT,[],65.98,,
6453,1765341643238,XRPUSDT,[],65.2,,
6454,1765342543238,XRPUSDT,"[""bullish_engulfing""]",63.57,,
6455,1765343143238,XRPUSDT,[],59.1,,
6456,1765343743238,XRPUSDT,[],59.22,,
6457,1765344043238,XRPUSDT,[],67.97,,
6458,1765344343238,XRPUSDT,"[""doji""]",61.8,,
6459,1765345843238,XRPUSDT,[],64.94,,
6460,1765346143238,XRPUSDT,[],58.56,,
6461,1765347043238,XRPUSDT,[],60.34,,
6462,1765347643238,XRPUSDT,[],63.65,,
6463,1765348243238,XRPUSDT,[],63.6,,
6464,1765348543238,XRPUSDT,"[""doji""]",66.2,,
6465,1765348843238,XRPUSDT,[],57.81,,
6466,1765349143238,XRPUSDT,[],67.75,,
6467,1765349443238,XRPUSDT,[],65.48,,
6468,1765349743238,XRPUSDT,"[""shooting_star""]",65.04,,
6469,1765350343238,XRPUSDT,[],65.06,,
6470,1765350643238,XRPUSDT,[],66.47,,
6471,1765350943238,XRPUSDT,"[""doji""]",62.53,,
6472,1765352443238,XRPUSDT,[],59.37,,
6473,1765352743238,XRPUSDT,[],63.91,,
6474,1765353043238,XRPUSDT,[],71.21,,
6475,1765353343238,XRPUSDT,[],68.02,,
6476,1765353643238,XRPUSDT,"[""bearish_engulfing""]",60.49,,
6477,1765353943238,XRPUSDT,[],65.6,,
6478,1765354243238,XRPUSDT,"[""bearish_engulfing""]",57.8,,
6479,1765355143238,XRPUSDT,[],62.32,,
6480,1765355743238,XRPUSDT,[],60.22,,
6481,1765356043238,XRPUSDT,[],65.11,,
6482,1765356643238,XRPUSDT,"[""doji""]",60.04,,
6483,1765357543238,XRPUSDT,"[""shooting_star""]",56.99,,
6484,1765357843238,XRPUSDT,[],63.12,,
6485,1765359943238,XRPUSDT,[],67.35,,
6486,1765360243238,XRPUSDT,[],58.26,,
6487,1765360543238,XRPUSDT,[],63.16,,
6488,1765360843238,XRPUSDT,[],61.85,,
6489,1765361443238,XRPUSDT,"[""shooting_star""]",58.38,,
6490,1765362343238,XRPUSDT,[],74.85,,
6491,1765362643238,XRPUSDT,[],72.09,,
6492,1765363843238,XRPUSDT,[],63.21,,
6493,1765364443238,XRPUSDT,[],60.19,,
6494,1765365043238,XRPUSDT,[],63.42,,
6495,1765366543238,XRPUSDT,[],68.51,,
6496,1765367743238,XRPUSDT,[],65.96,,
6497,1765368043238,XRPUSDT,[],57.95,,
6498,1765368343238,XRPUSDT,[],65.45,,
6499,1765368643238,XRPUSDT,[],59.9,,
6500,1765371043238,XRPUSDT,[],59.09,,
6501,1765371343238,XRPUSDT,[],57.51,,
6502,1765371643238,XRPUSDT,[],59.49,,
6503,1765371943238,XRPUSDT,"[""doji""]",59.19,,
6504,1765372843238,XRPUSDT,[],59.89,,
6505,1765373143238,XRPUSDT,[],66.09,,
6506,1765373443238,XRPUSDT,[],65.4,,
6507,1765374343238,XRPUSDT,[],60.44,,
6508,1765374643238,XRPUSDT,"[""doji""]",61.72,,
6509,1765376143238,XRPUSDT,[],64.48,,
6510,1765376743238,XRPUSDT,[],59.0,,
6511,1765377043238,XRPUSDT,"[""shooting_star""]",58.63,,
6512,1765377343238,XRPUSDT,"[""bearish_engulfing""]",66.69,,
6513,1765377943238,XRPUSDT,[],66.15,,
6514,1765378243238,XRPUSDT,"[""shooting_star""]",63.17,,
6515,1765378543238,XRPUSDT,"[""bearish_engulfing""]",57.5,,
6516,1765378843238,XRPUSDT,[],60.04,,
6517,1765379143238,XRPUSDT,"[""shooting_star""]",65.48,,
6518,1765380343238,XRPUSDT,"[""doji""]",62.44,,
6519,1765380943238,XRPUSDT,"[""shooting_star""]",58.82,,
6520,1765381543238,XRPUSDT,[],61.18,,
6521,1765382743238,XRPUSDT,"[""shooting_star""]",60.35,,
6522,1765383343238,XRPUSDT,[],65.73,,
6523,1765383943238,XRPUSDT,[],65.05,,
6524,1765384243238,XRPUSDT,"[""bearish_engulfing""]",66.0,,
6525,1765385143238,XRPUSDT,"[""bearish_engulfing""]",62.52,,
6526,1765385443238,XRPUSDT,[],63.63,,
6527,1765385743238,XRPUSDT,[],61.12,,
6528,1765387243238,XRPUSDT,[],57.23,,
6529,1765387543238,XRPUSDT,[],62.97,,
6530,1765387843238,XRPUSDT,[],63.02,,
6531,1765388743238,XRPUSDT,[],61.17,,
6532,1765389343238,XRPUSDT,[],56.59,,
6533,1765389643238,XRPUSDT,[],62.59,,
6534,1765389943238,XRPUSDT,"[""doji"", ""shooting_star""]",60.44,,
6535,1765390543238,XRPUSDT,[],61.1,,
6536,1765390843238,XRPUSDT,[],67.41,,
6537,1765391143238,XRPUSDT,"[""doji""]",56.22,,
6538,1765392043238,XRPUSDT,[],58.81,,
6539,1765396843238,XRPUSDT,[],65.51,,
6540,1765399243238,XRPUSDT,"[""shooting_star""]",62.61,,
6541,1765399543238,XRPUSDT,[],66.31,,
6542,1765399843238,XRPUSDT,[],67.34,,
6543,1765400143238,XRPUSDT,[],70.57,,
6544,1765400743238,XRPUSDT,[],56.43,,
6545,1765401343238,XRPUSDT,"[""doji"", ""shooting_star""]",56.54,,
6546,1765403443238,XRPUSDT,"[""doji""]",57.3,,
6547,1765406143238,XRPUSDT,"[""shooting_star""]",66.51,,
6548,1765406443238,XRPUSDT,"[""bullish_engulfing""]",63.75,,
6549,1765407043238,XRPUSDT,[],72.86,,
6550,1765407343238,XRPUSDT,"[""doji""]",59.61,,
6551,1765407643238,XRPUSDT,[],63.81,,
6552,1765407943238,XRPUSDT,"[""doji""]",57.13,,
6553,1765408543238,XRPUSDT,[],60.17,,
6554,1765408843238,XRPUSDT,"[""shooting_star""]",58.48,,
6555,1765409743238,XRPUSDT,"[""doji"", ""shooting_star""]",61.79,,
6556,1765411243238,XRPUSDT,[],57.34,,
6557,1765412143238,XRPUSDT,"[""doji""]",58.5,,
6558,1765412443238,XRPUSDT,"[""doji""]",62.54,,
6559,1765413343238,XRPUSDT,"[""bullish_engulfing""]",66.36,,
6560,1765413643238,XRPUSDT,[],57.19,,
6561,1765414243238,XRPUSDT,"[""shooting_star""]",58.54,,
6562,1765415443238,XRPUSDT,[],58.38,,
6563,1765415743238,XRPUSDT,[],65.59,,
6564,1765416043238,XRPUSDT,[],64.31,,
6565,1765416643238,XRPUSDT,[],62.4,,
6566,1765417543238,XRPUSDT,[],61.26,,
6567,1765417843238,XRPUSDT,[],58.37,,
6568,1765418143238,XRPUSDT,[],63.63,,
6569,1765420843238,XRPUSDT,[],57.88,,
6570,1765421743238,XRPUSDT,"[""doji""]",59.63,,
6571,1765422343238,XRPUSDT,[],56.86,,
6572,1765422643238,XRPUSDT,"[""doji""]",58.44,,
6573,1765424743238,XRPUSDT,[],60.99,,
6574,1765425343238,XRPUSDT,[],60.86,,
6575,1765427443238,XRPUSDT,[],66.6,,
6576,1765427743238,XRPUSDT,"[""bullish_engulfing""]",57.66,,
6577,1765428043238,XRPUSDT,"[""doji""]",59.74,,
6578,1765428643238,XRPUSDT,[],67.44,,
6579,1765428943238,XRPUSDT,[],75.46,,
6580,1765431343238,XRPUSDT,[],57.0,,
6581,1765431643238,XRPUSDT,[],57.76,,
6582,1765433743238,XRPUSDT,[],63.4,,
6583,1765435243238,XRPUSDT,[],60.18,,
6584,1765435843238,XRPUSDT,[],61.73,,
6585,1765437343238,XRPUSDT,[],56.18,,
6586,1765437643238,XRPUSDT,[],60.11,,
6587,1765438243238,XRPUSDT,[],56.41,,
6588,1765438843238,XRPUSDT,"[""doji""]",60.61,,
6589,1765440043238,XRPUSDT,[],62.78,,
6590,1765443943238,XRPUSDT,[],61.77,,
6591,1765444843238,XRPUSDT,[],61.42,,
6592,1765445443238,XRPUSDT,[],58.32,,
6593,1765445743238,XRPUSDT,"[""doji""]",59.45,,
6594,1765446343238,XRPUSDT,[],58.07,,
6595,1765446643238,XRPUSDT,[],61.43,,
6596,1765446943238,XRPUSDT,[],58.65,,
6597,1765449343238,XRPUSDT,[],58.65,,
6598,1765449943238,XRPUSDT,"[""bullish_engulfing""]",65.78,,
6599,1765450243238,XRPUSDT,"[""bullish_engulfing""]",56.82,,
6600,1765451443238,XRPUSDT,[],58.64,,
6601,1765452043238,XRPUSDT,"[""shooting_star""]",58.61,,
6602,1765452343238,XRPUSDT,[],61.24,,
6603,1765454443238,XRPUSDT,[],57.88,,
6604,1765454743238,XRPUSDT,[],57.55,,
6605,1765456543238,XRPUSDT,[],62.16,,
6606,1765457743238,XRPUSDT,"[""shooting_star""]",56.74,,
6607,1765458643238,XRPUSDT,"[""doji""]",56.01,,
6608,1765459243238,XRPUSDT,[],56.06,,
6609,1765459543238,XRPUSDT,[],65.37,,
6610,1765459843238,XRPUSDT,[],71.16,,
6611,1765460143238,XRPUSDT,[],61.69,,
6612,1765462243238,XRPUSDT,[],59.26,,
6613,1765463443238,XRPUSDT,[],60.81,,
6614,1765466743238,XRPUSDT,[],66.93,,
6615,1765467943238,XRPUSDT,[],61.54,,
6616,1765468543238,XRPUSDT,[],56.17,,
6617,1765468843238,XRPUSDT,[],60.94,,
6618,1765469443238,XRPUSDT,"[""doji"", ""shooting_star""]",61.03,,
6619,1765471243238,XRPUSDT,"[""doji""]",59.2,,
6620,1765471843238,XRPUSDT,[],62.96,,
6621,1765472443238,XRPUSDT,"[""shooting_star""]",62.76,,
6622,1765473643238,XRPUSDT,[],61.02,,
6623,1765474543238,XRPUSDT,"[""bearish_engulfing""]",62.58,,
6624,1765476343238,XRPUSDT,[],63.9,,
6625,1765476643238,XRPUSDT,[],60.91,,
6626,1765479043238,XRPUSDT,[],68.57,,
6627,1765480843238,XRPUSDT,[],60.72,,
6628,1765481143238,XRPUSDT,[],59.44,,
6629,1765482643238,XRPUSDT,[],64.38,,
6630,1765483843238,XRPUSDT,"[""doji""]",60.16,,
6631,1765484143238,XRPUSDT,"[""shooting_star""]",62.69,,
6632,1765484443238,XRPUSDT,[],62.32,,
6633,1765485343238,XRPUSDT,[],56.31,,
6634,1765485643238,XRPUSDT,[],62.78,,
6635,1765486243238,XRPUSDT,[],61.01,,
6636,1765486843238,XRPUSDT,[],67.74,,
6637,1765487143238,XRPUSDT,[],74.92,,
6638,1765487743238,XRPUSDT,[],58.44,,
6639,1765488643238,XRPUSDT,[],70.06,,
6640,1765489243238,XRPUSDT,[],66.08,,
6641,1765489843238,XRPUSDT,"[""shooting_star""]",63.06,,
6642,1765490443238,XRPUSDT,"[""bullish_engulfing""]",66.58,,
6643,1765491043238,XRPUSDT,"[""shooting_star""]",62.36,,
6644,1765493443238,XRPUSDT,[],63.7,,
6645,1765494343238,XRPUSDT,[],65.93,,
6646,1765496143238,XRPUSDT,"[""shooting_star""]",65.3,,
6647,1765496443238,XRPUSDT,[],56.77,,
6648,1765497343238,XRPUSDT,[],59.08,,
6649,1765497643238,XRPUSDT,[],63.88,,
6650,1765497943238,XRPUSDT,[],66.89,,
6651,1765498843238,XRPUSDT,[],66.66,,
6652,1765499143238,XRPUSDT,"[""bearish_engulfing""]",62.07,,
6653,1765500943238,XRPUSDT,[],59.16,,
6654,1765501843238,XRPUSDT,[],64.25,,
6655,1765504543238,XRPUSDT,[],61.72,,
6656,1765504843238,XRPUSDT,[],57.63,,
6657,1765505443238,XRPUSDT,[],59.38,,
6658,1765506643238,XRPUSDT,"[""doji""]",64.61,,
6659,1765507243238,XRPUSDT,[],68.17,,
6660,1765507843238,XRPUSDT,[],60.22,,
6661,1765508143238,XRPUSDT,[],60.06,,
6662,1765509943238,XRPUSDT,[],56.06,,
6663,1765510243238,XRPUSDT,[],63.48,,
6664,1765511143238,XRPUSDT,[],67.53,,
6665,1765511743238,XRPUSDT,[],59.3,,
6666,1765512343238,XRPUSDT,[],56.59,,
6667,1765512943238,XRPUSDT,[],58.54,,
6668,1765513543238,XRPUSDT,[],61.25,,
6669,1765515343238,XRPUSDT,[],63.57,,
6670,1765517443238,XRPUSDT,"[""shooting_star""]",56.84,,
6671,1765518343238,XRPUSDT,[],66.58,,
6672,1765519243238,XRPUSDT,"[""shooting_star""]",59.35,,
6673,1765519843238,XRPUSDT,"[""shooting_star""]",61.86,,
6674,1765520143238,XRPUSDT,"[""doji""]",61.12,,
6675,1765520443238,XRPUSDT,[],63.58,,
6676,1765520743238,XRPUSDT,"[""doji""]",80.69,,
6677,1765521643238,XRPUSDT,[],56.06,,
6678,1765522543238,XRPUSDT,[],62.62,,
6679,1765522843238,XRPUSDT,[],70.95,,
6680,1765523443238,XRPUSDT,"[""doji""]",62.05,,
6681,1765523743238,XRPUSDT,[],56.68,,
6682,1765524043238,XRPUSDT,"[""shooting_star""]",56.15,,
6683,1765524643238,XRPUSDT,[],60.44,,
6684,1765524943238,XRPUSDT,[],61.19,,
6685,1765525243238,XRPUSDT,[],61.35,,
6686,1765526443238,XRPUSDT,[],62.86,,
6687,1765526743238,XRPUSDT,"[""doji""]",67.03,,
6688,1765527343238,XRPUSDT,[],58.84,,
6689,1765527643238,XRPUSDT,[],60.42,,
6690,1765528243238,XRPUSDT,[],61.68,,
6691,1765529443238,XRPUSDT,"[""shooting_star""]",59.12,,
6692,1765529743238,XRPUSDT,[],61.38,,
6693,1765530043238,XRPUSDT,[],67.42,,
6694,1765530643238,XRPUSDT,[],59.06,,
6695,1765531543238,XRPUSDT,[],63.93,,
6696,1765532743238,XRPUSDT,"[""doji""]",63.24,,
6697,1765533043238,XRPUSDT,[],63.92,,
6698,1765533643238,XRPUSDT,[],64.68,,
6699,1765535743238,XRPUSDT,[],56.43,,
6700,1765536643238,XRPUSDT,[],65.02,,
6701,1765537243238,XRPUSDT,[],70.31,,
6702,1765537543238,XRPUSDT,[],56.57,,
6703,1765537843238,XRPUSDT,"[""shooting_star""]",64.07,,
6704,1765538443238,XRPUSDT,[],58.3,,
6705,1765539943238,XRPUSDT,[],60.72,,
6706,1765540543238,XRPUSDT,"[""doji""]",59.96,,
6707,1765541443238,XRPUSDT,[],60.56,,
6708,1765542943238,XRPUSDT,[],64.81,,
6709,1765543243238,XRPUSDT,"[""doji""]",67.12,,
6710,1765545343238,XRPUSDT,[],60.69,,
6711,1765547143238,XRPUSDT,[],58.88,,
